initiativeId,employeeId,initiativeName,description,startDate,endDate,utilizationPercent,status,type,createdAt,lastUpdated
"b95d2b39-f8d6-4904-8c95-8a7178ff2a4e","EMP001","Cloud Migration","Leading the migration of legacy systems to cloud infrastructure","2026-03-01","2026-06-30","50","Active","Initiative","2026-03-24T22:00:00.000Z","2026-03-24T22:00:00.000Z"
"2b2c3a37-8b5e-4794-806a-5689775fda10","EMP001","AI Integration","Integrating AI capabilities into existing applications","2026-04-01","2026-12-31","38","Active","Initiative","2026-03-24T22:00:00.000Z","2026-03-24T22:00:00.000Z"
"f0a8482e-8eed-4a1f-8f1c-f274e7328f28","EMP002","Data Analytics Platform","Building a comprehensive data analytics platform","2026-02-15","2026-08-15","62","Active","Initiative","2026-03-24T22:00:00.000Z","2026-03-24T22:00:00.000Z"
"cc4fc4d0-6cc2-49ef-ab85-7c6b5367f602","EMP002","Machine Learning Model","Developing ML models for predictive analytics","2026-03-15","2026-09-30","50","Active","Initiative","2026-03-24T22:00:00.000Z","2026-03-24T22:00:00.000Z"
"4c7c461b-8908-4ddb-92ff-04b57159aabb","EMP003","Database Optimization","Optimizing database performance for large-scale operations","2026-03-01","2026-05-31","44","Active","Initiative","2026-03-24T22:00:00.000Z","2026-03-24T22:00:00.000Z"
"252ea35f-85b2-48bc-b272-884a3af6d540","EMP003","Security Audit","Conducting comprehensive security audit of systems","2026-03-20","2026-06-20","25","Active","Initiative","2026-03-24T22:00:00.000Z","2026-03-24T22:00:00.000Z"
"0ed94c9b-5e43-478b-aec2-1470deb31de6","I770144","Technical Documentation","CAIA: Technical Documentation","2025-10-16","2025-10-30","38","Completed","CAIA","2026-03-24T22:00:00.000Z","2026-03-24T22:00:00.000Z"
"e2acb2a9-bb7c-4357-8acf-80f27453df68","I770144","Code Review & Quality Assurance","CAIA: Code Review & Quality Assurance","2025-10-21","2025-10-27","38","Completed","CAIA","2026-03-24T22:00:00.000Z","2026-03-24T22:00:00.000Z"
"1cc49297-1773-4c38-bd75-b5f52f8ff495","I770151","Team Training & Mentoring","CAIA: Team Training & Mentoring","2025-10-20","2025-11-20","25","Completed","CAIA","2026-03-24T22:00:00.000Z","2026-03-24T22:00:00.000Z"
"977e30a8-4721-4f37-8f8f-c3303c267042","I770152","System Maintenance","CAIA: System Maintenance","2025-10-15","2025-11-15","25","Completed","CAIA","2026-03-24T22:00:00.000Z","2026-03-24T22:00:00.000Z"
"9d08bcde-16b5-4480-a558-e5427a88dcbf","I753890","Data Analysis & Reporting","CAIA: Data Analysis & Reporting","2026-03-05","2026-04-07","50","Active","CAIA","2026-03-24T22:00:00.000Z","2026-03-24T22:00:00.000Z"
"ee0d8bc5-cf3f-45ee-a592-14e968772dda","I763266","Code Refactoring","CAIA: Code Refactoring","2026-03-05","2026-03-04","100","Active","CAIA","2026-03-24T22:00:00.000Z","2026-03-24T22:00:00.000Z"
"b144ba2f-1661-427f-b497-ada6ba659f1f","I755736","Research & Development","CAIA: Research & Development","2026-03-05","2026-03-28","175","Active","CAIA","2026-03-24T22:00:00.000Z","2026-03-24T22:00:00.000Z"
"fd32f183-7f1a-4bed-8000-e7f422b13722","I769086","ML Model Training","CAIA: ML Model Training","2026-03-05","2026-03-28","100","Active","CAIA","2026-03-24T22:00:00.000Z","2026-03-24T22:00:00.000Z"
"988684e5-bc66-4327-93c6-557e6d0c4ee1","I749085","UI/UX Enhancement","CAIA: UI/UX Enhancement","2026-03-05","2026-09-24","100","Active","CAIA","2026-03-24T22:00:00.000Z","2026-03-24T22:00:00.000Z"
"56097042-1e6b-4b0a-b3f3-66626689ef2c","I750145","Knowledge Transfer","CAIA: Knowledge Transfer","2026-03-05","2026-12-16","100","Active","CAIA","2026-03-24T22:00:00.000Z","2026-03-24T22:00:00.000Z"
"0b12b0a5-4100-4766-98c2-f049aeed6056","I770144","BTP Integration POC","POC: BTP Integration Proof of Concept","2025-10-10","2025-10-17","50","Completed","POC","2026-03-24T22:00:00.000Z","2026-03-24T22:00:00.000Z"
"c89d55f8-3ec9-4858-be75-ec074f4cba3b","I770144","CAP Service Prototype","POC: CAP Service Prototype Development","2025-11-12","2025-11-21","38","Completed","POC","2026-03-24T22:00:00.000Z","2026-03-24T22:00:00.000Z"
"7da64deb-8ba1-49fd-adf7-66b4407b2bae","I770151","Email Integration POC","POC: Email Integration Proof of Concept","2025-10-20","2025-11-10","38","Completed","POC","2026-03-24T22:00:00.000Z","2026-03-24T22:00:00.000Z"
"e81139b3-383e-4437-bc02-03c16bf12d87","I770152","Backend API POC","POC: Backend API Proof of Concept","2025-10-25","2025-11-15","25","Completed","POC","2026-03-24T22:00:00.000Z","2026-03-24T22:00:00.000Z"
"6c352491-a28a-4e77-9f05-243c1533bf0b","I750145","AI Model Testing","POC: AI Model Testing Framework","2026-01-13","2026-12-16","100","Active","POC","2026-03-24T22:00:00.000Z","2026-03-24T22:00:00.000Z"
"e4fc1ddf-e901-43d8-ac9a-5fb3163ac164","I750145","Roche-Email","POC: Roche Email System Integration","2025-10-01","2025-10-31","38","Completed","POC","2026-03-24T22:00:00.000Z","2026-03-24T22:00:00.000Z"
"6389a819-5b45-4b7c-adb9-b6affe5503e3","I346659","SET","POC: Security Enhancement Testing","2025-10-01","2025-10-31","25","Completed","POC","2026-03-24T22:00:00.000Z","2026-03-24T22:00:00.000Z"
"716ed049-9002-4b3c-9a8c-54866273ece8","I763161","Roche-Email","POC: Roche Email Integration","2025-10-01","2025-10-31","38","Completed","POC","2026-03-24T22:00:00.000Z","2026-03-24T22:00:00.000Z"
"53f648f6-2f6d-4eaf-bfcc-e05dd7a67813","I770144","SAP BTP Exploration","Initiative: Explore SAP BTP capabilities","2025-02-01","2025-05-31","38","Completed","Initiative","2026-03-24T22:00:00.000Z","2026-03-24T22:00:00.000Z"
"79b825fd-4fe9-4dcd-b0f2-ec5698f088d0","I770144","ABAP Modernization","Initiative: Modernize ABAP code to cloud-ready","2025-06-01","2025-09-30","50","Completed","Initiative","2026-03-24T22:00:00.000Z","2026-03-24T22:00:00.000Z"
"1b720a77-c04f-429c-8a13-6191cb0d2435","I770144","GenAI Pilot","Initiative: Gen AI pilot for code generation","2026-04-01","2026-09-30","38","Active","Initiative","2026-03-24T22:00:00.000Z","2026-03-24T22:00:00.000Z"
"b49022a5-1508-4019-adbe-09900f9baacf","I770144","ABAP Code Quality Audit","Evaluation: Auditing ABAP code quality and standards compliance","2026-03-15","2026-07-15","20","Active","Evaluation","2026-04-10T10:00:00.000Z","2026-04-10T10:00:00.000Z"
"ee35d9ff-3de0-4df0-aac2-c3c7d1efea3d","I770144","SkillSphere Platform Enhancement","Initiative: Enhancing SkillSphere platform features","2026-03-01","2026-09-30","22","Active","Initiative","2026-04-10T10:00:00.000Z","2026-04-10T10:00:00.000Z"
"3316e1ba-3980-42da-8de2-e16833e53e87","I750145","Architecture Review","CAIA: Architecture review sessions","2025-03-01","2025-06-30","25","Completed","CAIA","2026-03-24T22:00:00.000Z","2026-03-24T22:00:00.000Z"
"541a501e-9d89-4b1a-9c4d-55b09c3d5d50","I750145","Test Automation Study","CAIA: Study test automation best practices","2025-07-01","2025-09-30","25","Completed","CAIA","2026-03-24T22:00:00.000Z","2026-03-24T22:00:00.000Z"
"d69bd28e-175e-4e5e-a78c-bf9d45cea075","I750145","Onboarding Support","CAIA: Support new joiner onboarding","2026-04-01","2026-06-30","25","Active","CAIA","2026-03-24T22:00:00.000Z","2026-03-24T22:00:00.000Z"
"f84d2767-d82c-4f70-90e0-2b208a1b904c","I769086","Data Pipeline POC","POC: Proof of concept for data pipeline","2025-04-01","2025-06-30","50","Completed","POC","2026-03-24T22:00:00.000Z","2026-03-24T22:00:00.000Z"
"4c499e5c-2eb7-4870-b190-9bf664554701","I769086","Documentation Drive","CAIA: Technical documentation effort","2025-07-01","2025-09-30","25","Completed","CAIA","2026-03-24T22:00:00.000Z","2026-03-24T22:00:00.000Z"
"bd1e9f79-bb30-4489-bd6d-b717cc05a159","I769086","ML Model Research","Initiative: Research deep learning models","2026-04-15","2026-10-15","38","Active","Initiative","2026-03-24T22:00:00.000Z","2026-03-24T22:00:00.000Z"
"e3926a90-a730-41ed-9325-68819317bc4c","I763161","Performance Testing","CAIA: Load and performance testing","2025-02-01","2025-04-30","38","Completed","CAIA","2026-03-24T22:00:00.000Z","2026-03-24T22:00:00.000Z"
"7af3aa9a-8f42-45d1-a77e-9796256a9a56","I763161","Microservice POC","POC: Microservice decomposition prototype","2025-05-01","2025-07-31","50","Completed","POC","2026-03-24T22:00:00.000Z","2026-03-24T22:00:00.000Z"
"3ec2f1da-cdd5-4923-98c3-eeb56f2edf52","I763161","Cloud Native Upskill","Initiative: Upskill on cloud-native patterns","2026-05-01","2026-11-30","38","Active","Initiative","2026-03-24T22:00:00.000Z","2026-03-24T22:00:00.000Z"
"d69d9539-550a-48fd-b646-5436a96d1372","I755736","Code Quality Drive","CAIA: Improve code quality practices","2025-03-01","2025-05-31","25","Completed","CAIA","2026-03-24T22:00:00.000Z","2026-03-24T22:00:00.000Z"
"976c07ba-b844-40b3-938a-f4ca41232598","I755736","Frontend Modernization","Initiative: Migrate UI to UI5 web components","2025-06-01","2025-11-30","50","Completed","Initiative","2026-03-24T22:00:00.000Z","2026-03-24T22:00:00.000Z"
"9d25aa55-12d5-4030-87fa-5e0ba022f74e","I755736","React Fiori POC","POC: React with Fiori design system","2026-04-01","2026-06-30","50","Active","POC","2026-03-24T22:00:00.000Z","2026-03-24T22:00:00.000Z"
"893ac958-943a-42b3-a946-35f66c7704c6","I749085","Sprint Review Support","CAIA: Support sprint reviews and demos","2025-02-01","2025-05-31","25","Completed","CAIA","2026-03-24T22:00:00.000Z","2026-03-24T22:00:00.000Z"
"a26010a6-c2be-404a-bd01-29f1e33ac270","I749085","Security Hardening","Initiative: Implement security hardening","2025-06-01","2025-09-30","38","Completed","Initiative","2026-03-24T22:00:00.000Z","2026-03-24T22:00:00.000Z"
"b4400144-2b3f-4365-9dc6-38eec44d98f4","I749085","Zero Trust POC","POC: Zero trust network architecture","2026-06-01","2026-09-30","38","Active","POC","2026-03-24T22:00:00.000Z","2026-03-24T22:00:00.000Z"
"cd7b33b2-2ec0-4fa5-9293-7ab2a9ba9eb3","I753890","Data Governance","Initiative: Data governance framework setup","2025-01-15","2025-06-30","38","Completed","Initiative","2026-03-24T22:00:00.000Z","2026-03-24T22:00:00.000Z"
"0e2cb84a-9c4b-47b4-95fa-4bf8f9ba8a8b","I753890","Team Collaboration","CAIA: Cross-team collaboration sessions","2025-07-01","2025-09-30","25","Completed","CAIA","2026-03-24T22:00:00.000Z","2026-03-24T22:00:00.000Z"
"e7018b12-5b94-4ddf-b67a-5379e1fa50e8","I755719","DevSecOps Pilot","Initiative: DevSecOps adoption pilot","2025-04-01","2025-09-30","50","Completed","Initiative","2026-03-24T22:00:00.000Z","2026-03-24T22:00:00.000Z"
"4699cf1f-3d0a-4132-86b8-7ee1e35fe0ed","I755719","Container Security POC","POC: Container security scanning","2026-01-01","2026-03-15","38","Completed","POC","2026-03-24T22:00:00.000Z","2026-03-24T22:00:00.000Z"
"79b51720-7907-49a0-b173-11c100dfa022","I755719","Release Management","CAIA: Improve release management process","2026-04-01","2026-07-31","38","Active","CAIA","2026-03-24T22:00:00.000Z","2026-03-24T22:00:00.000Z"
"0a692419-0cf3-455a-a6ba-75f63a7528ee","I763266","Technical Debt Cleanup","CAIA: Resolve technical debt backlog","2025-03-01","2025-06-30","38","Completed","CAIA","2026-03-24T22:00:00.000Z","2026-03-24T22:00:00.000Z"
"ebe55b88-757f-449d-bd2f-f414703f965a","I763266","API Documentation","Initiative: Comprehensive API doc effort","2025-07-01","2025-11-30","25","Completed","Initiative","2026-03-24T22:00:00.000Z","2026-03-24T22:00:00.000Z"
"01265bb0-0c4f-4216-8af2-45acbb22e95a","I763266","GraphQL POC","POC: GraphQL API layer prototype","2026-04-01","2026-06-30","50","Active","POC","2026-03-24T22:00:00.000Z","2026-03-24T22:00:00.000Z"
"0af421bd-236c-4a91-a222-896bc6c2b7b9","I346659","Architecture Consulting","CAIA: Internal architecture consulting","2025-02-01","2025-08-31","38","Completed","CAIA","2026-03-24T22:00:00.000Z","2026-03-24T22:00:00.000Z"
"e04d9db7-c7f6-4be8-9361-cd504242a26b","I346659","Platform Modernization","Initiative: Platform modernization roadmap","2026-02-01","2026-08-31","50","Active","Initiative","2026-03-24T22:00:00.000Z","2026-03-24T22:00:00.000Z"
"72e9b472-d041-4ea8-9c22-9cf2ecebd975","I770156","ML Pipeline Performance Review","Evaluation: Reviewing ML pipeline throughput and accuracy","2026-03-01","2026-06-30","20","Active","Evaluation","2026-04-01T10:00:00.000Z","2026-04-01T10:00:00.000Z"
"60564251-e7cc-442c-a88f-8afae3f79c47","I770156","Data Governance Audit","Evaluation: Assessing data governance compliance","2026-04-01","2026-07-31","15","Active","Evaluation","2026-04-01T10:00:00.000Z","2026-04-01T10:00:00.000Z"
"cd899c3b-7fc1-414b-a178-fc22a5d7f79a","I770156","AI Ethics Framework","Initiative: Establishing AI ethics guidelines","2026-02-01","2026-08-31","25","Active","Initiative","2026-04-01T10:00:00.000Z","2026-04-01T10:00:00.000Z"
"79f1dfc7-0978-4736-8a8a-5c7e58ce1bdc","I770158","S/4HANA Migration Readiness","Evaluation: Assessing readiness for S/4HANA migration","2026-03-15","2026-06-15","18","Active","Evaluation","2026-04-01T10:00:00.000Z","2026-04-01T10:00:00.000Z"
"82333849-dc8d-4643-8d8e-df85bc640436","I770158","Procurement Module Assessment","Evaluation: Reviewing procurement module configuration","2026-04-01","2026-07-31","15","Active","Evaluation","2026-04-01T10:00:00.000Z","2026-04-01T10:00:00.000Z"
"969f08ec-533c-47a6-908f-934f20c5876d","I770158","S/4HANA Best Practices Guide","Initiative: Authoring S/4HANA implementation best practices","2026-03-01","2026-09-30","20","Active","Initiative","2026-04-01T10:00:00.000Z","2026-04-01T10:00:00.000Z"
"1547b46f-d52f-4098-9c05-b832f758467b","I770161","BTP Extension Suite Review","Evaluation: Reviewing BTP extension suite adoption","2026-03-01","2026-05-31","22","Active","Evaluation","2026-04-01T10:00:00.000Z","2026-04-01T10:00:00.000Z"
"a5a73e4c-87aa-49fb-bdf3-4c9773e28307","I770161","BTP Developer Toolkit","Initiative: Building reusable BTP developer toolkit","2026-02-15","2026-08-31","22","Active","Initiative","2026-04-01T10:00:00.000Z","2026-04-01T10:00:00.000Z"
"658f22ed-e999-4984-8fc5-d84d92d0774f","I770165","AI Model Accuracy Assessment","Evaluation: Evaluating AI model prediction accuracy","2026-03-15","2026-06-30","18","Active","Evaluation","2026-04-01T10:00:00.000Z","2026-04-01T10:00:00.000Z"
"772830e0-1f97-4867-b9b3-71145499cdd9","I770165","ML Ops Automation","Initiative: Automating ML operations pipeline","2026-03-01","2026-09-30","25","Active","Initiative","2026-04-01T10:00:00.000Z","2026-04-01T10:00:00.000Z"
"e1ed29d4-bc9e-4ca7-ba24-65f28e00a4ac","I770165","GenAI Integration Study","Initiative: Studying GenAI integration patterns","2026-04-01","2026-10-31","15","Active","Initiative","2026-04-01T10:00:00.000Z","2026-04-01T10:00:00.000Z"
"d390fbf8-99ca-4f7e-aef8-e79e979bd7d3","I774159","SD Module Compliance Check","Evaluation: Checking SD module compliance standards","2026-04-01","2026-07-15","16","Active","Evaluation","2026-04-01T10:00:00.000Z","2026-04-01T10:00:00.000Z"
"0b7dbe06-9bf0-47e2-bf26-940b6f5134f3","I774159","ERP Modernization Playbook","Initiative: Creating ERP modernization playbook","2026-02-01","2026-08-31","20","Active","Initiative","2026-04-01T10:00:00.000Z","2026-04-01T10:00:00.000Z"
"14b06040-f1c0-4edb-8176-36e54e0ec32b","I774162","Data Lake Architecture Review","Evaluation: Reviewing data lake architecture design","2026-03-01","2026-06-30","15","Active","Evaluation","2026-04-01T10:00:00.000Z","2026-04-01T10:00:00.000Z"
"9e5e1fd4-7b86-4521-a399-d2234a87e693","I774162","Advanced ML Review","Evaluation: Reviewing advanced ML model performance","2026-04-02","2026-07-15","18","Active","Evaluation","2026-04-01T10:00:00.000Z","2026-04-01T10:00:00.000Z"
"4e3a0071-045a-498b-ab01-d068ea400369","I774162","Data Mesh Architecture","Initiative: Designing data mesh architecture","2026-02-01","2026-08-31","22","Active","Initiative","2026-04-01T10:00:00.000Z","2026-04-01T10:00:00.000Z"
"77f1b5b3-e925-4e7f-88da-46b51923d335","I774165","Analytics Pipeline Benchmark","Evaluation: Benchmarking analytics pipeline performance","2026-04-01","2026-07-31","20","Active","Evaluation","2026-04-01T10:00:00.000Z","2026-04-01T10:00:00.000Z"
"44e8bf05-e083-4dae-ba72-12fa48588b3e","I774165","Real-time Dashboard POC","Initiative: Building real-time analytics dashboard","2026-03-01","2026-07-31","22","Active","Initiative","2026-04-01T10:00:00.000Z","2026-04-01T10:00:00.000Z"
"186ef1bc-2651-4fec-a25e-dd2360bd19a7","I774168","Integration Security Audit","Evaluation: Auditing integration suite security","2026-03-15","2026-06-15","18","Active","Evaluation","2026-04-01T10:00:00.000Z","2026-04-01T10:00:00.000Z"
"bc1e0fa8-1fa9-419a-a76b-2e0a0aaaae01","I774168","API Gateway Standardization","Initiative: Standardizing API gateway patterns","2026-02-15","2026-08-31","18","Active","Initiative","2026-04-01T10:00:00.000Z","2026-04-01T10:00:00.000Z"
"e0278501-3a20-46bb-8938-7f76495ef625","I774171","Finance Module Gap Analysis","Evaluation: Analyzing finance module feature gaps","2026-04-01","2026-06-30","20","Active","Evaluation","2026-04-01T10:00:00.000Z","2026-04-01T10:00:00.000Z"
"56951f89-b190-47ab-b0cf-953dc1144814","I774171","Finance Process Automation","Initiative: Automating finance processes","2026-03-01","2026-09-30","20","Active","Initiative","2026-04-01T10:00:00.000Z","2026-04-01T10:00:00.000Z"
"29ebfb4c-7f0e-425c-8ed1-f8f9e6b84614","I770146","Procurement Workflow Review","Evaluation: Reviewing procurement workflow efficiency","2026-03-01","2026-05-31","18","Active","Evaluation","2026-04-01T10:00:00.000Z","2026-04-01T10:00:00.000Z"
"9dda295c-e4c4-4b25-9216-ad10170d3d2c","I770146","Procurement Analytics","Initiative: Building procurement analytics reports","2026-02-01","2026-07-31","22","Active","Initiative","2026-04-01T10:00:00.000Z","2026-04-01T10:00:00.000Z"
"3c0c58dd-a02a-4903-8dd2-27e903ead692","I770148","Cloud Foundry Health Check","Evaluation: Checking Cloud Foundry service health","2026-04-01","2026-06-30","15","Active","Evaluation","2026-04-01T10:00:00.000Z","2026-04-01T10:00:00.000Z"
"3fc19656-d478-4177-8a58-8b92642fbc25","I770148","BTP CI/CD Pipeline","Initiative: Setting up BTP CI/CD pipeline","2026-03-01","2026-08-31","20","Active","Initiative","2026-04-01T10:00:00.000Z","2026-04-01T10:00:00.000Z"
"a037bbb2-db14-438c-98f8-f2f2f44a75bd","I770150","Event Mesh Performance Review","Evaluation: Reviewing event mesh throughput","2026-03-15","2026-06-15","20","Active","Evaluation","2026-04-01T10:00:00.000Z","2026-04-01T10:00:00.000Z"
"98829cd6-5f5b-4b2b-b79b-8472fb28a17d","I770150","BTP Monitoring Suite","Initiative: Developing BTP monitoring tools","2026-02-15","2026-07-31","18","Active","Initiative","2026-04-01T10:00:00.000Z","2026-04-01T10:00:00.000Z"
"f3edb3e7-9539-4216-8542-5b52b479029a","I770153","S/4HANA Cloud Stability Test","Evaluation: Testing S/4HANA cloud stability","2026-04-01","2026-07-31","16","Active","Evaluation","2026-04-01T10:00:00.000Z","2026-04-01T10:00:00.000Z"
"1b122f23-6158-44e4-a81c-5ba2d800be0f","I770153","Cloud Migration Handbook","Initiative: Writing cloud migration handbook","2026-03-01","2026-09-30","18","Active","Initiative","2026-04-01T10:00:00.000Z","2026-04-01T10:00:00.000Z"
"7792af4a-2501-49d8-8736-7e676421fe16","I770154","ABAP Code Quality Review","Evaluation: Reviewing ABAP code quality standards","2026-04-01","2026-07-31","18","Active","Evaluation","2026-04-01T10:00:00.000Z","2026-04-01T10:00:00.000Z"
"6c5a4f46-5dc9-4e4b-9c83-dc6864ed7740","I770154","ABAP Clean Code Guide","Initiative: Creating ABAP clean code guidelines","2026-03-01","2026-08-31","15","Active","Initiative","2026-04-01T10:00:00.000Z","2026-04-01T10:00:00.000Z"
"4ee34ae3-ad0b-4e83-b2e8-2ff2d20807d0","I770159","Master Data Quality Review","Evaluation: Reviewing master data quality metrics","2026-03-01","2026-05-31","18","Active","Evaluation","2026-04-01T10:00:00.000Z","2026-04-01T10:00:00.000Z"
"fd4eb995-9f8b-4ecd-a395-f60eb6d992af","I770159","S/4HANA UX Modernization","Initiative: Modernizing S/4HANA user experience","2026-03-01","2026-09-30","20","Active","Initiative","2026-04-01T10:00:00.000Z","2026-04-01T10:00:00.000Z"
"fd8ab452-881c-4d7f-b0ee-89ba45f39292","I770160","BTP Security Posture Review","Evaluation: Reviewing BTP security posture","2026-04-01","2026-06-30","15","Active","Evaluation","2026-04-01T10:00:00.000Z","2026-04-01T10:00:00.000Z"
"7e386c50-9650-415b-8ad2-66969c423556","I770160","Integration Best Practices","Initiative: Documenting integration best practices","2026-02-15","2026-07-31","18","Active","Initiative","2026-04-01T10:00:00.000Z","2026-04-01T10:00:00.000Z"
"df1dda59-fcdc-4fae-bea9-473b94fa2a51","I770163","DevOps Pipeline Assessment","Evaluation: Assessing DevOps pipeline maturity","2026-03-15","2026-06-15","20","Active","Evaluation","2026-04-01T10:00:00.000Z","2026-04-01T10:00:00.000Z"
"941898f0-d805-4c6c-b6d3-a8e1a5b3b3e1","I770163","S/4HANA DevOps Toolkit","Initiative: Building S/4HANA DevOps toolkit","2026-03-01","2026-09-30","18","Active","Initiative","2026-04-01T10:00:00.000Z","2026-04-01T10:00:00.000Z"
"3d137d30-fcc0-4c36-b227-318c25b6a256","I770164","Data Science Model Validation","Evaluation: Validating data science model outputs","2026-04-01","2026-07-31","15","Active","Evaluation","2026-04-01T10:00:00.000Z","2026-04-01T10:00:00.000Z"
"494ea935-8120-4601-adc5-6b650e9fae89","I770164","Predictive Analytics Toolkit","Initiative: Developing predictive analytics toolkit","2026-02-01","2026-08-31","20","Active","Initiative","2026-04-01T10:00:00.000Z","2026-04-01T10:00:00.000Z"
"c9b19eed-26de-4d5f-b5dd-b65c395f457f","I770166","Demand Model Accuracy Check","Evaluation: Checking demand forecast model accuracy","2026-03-01","2026-05-31","18","Active","Evaluation","2026-04-01T10:00:00.000Z","2026-04-01T10:00:00.000Z"
"31f3a361-92ad-41f7-931a-933f3b3ae9d0","I770166","Data Visualization Library","Initiative: Creating data visualization components","2026-03-01","2026-08-31","20","Active","Initiative","2026-04-01T10:00:00.000Z","2026-04-01T10:00:00.000Z"
"41e344f1-3885-45ac-b506-2f08931912db","I770168","Sentiment Model Calibration","Evaluation: Calibrating sentiment analysis model","2026-04-01","2026-06-30","16","Active","Evaluation","2026-04-01T10:00:00.000Z","2026-04-01T10:00:00.000Z"
"bbea4652-46a8-49e9-a035-a72ccfb37c19","I770168","NLP Pipeline Enhancement","Initiative: Enhancing NLP processing pipeline","2026-02-15","2026-07-31","22","Active","Initiative","2026-04-01T10:00:00.000Z","2026-04-01T10:00:00.000Z"
"6e34f350-9fd0-48c0-b640-12f74d15b7b4","I774157","ML Model Drift Analysis","Evaluation: Analyzing ML model drift patterns","2026-03-15","2026-06-30","20","Active","Evaluation","2026-04-01T10:00:00.000Z","2026-04-01T10:00:00.000Z"
"9965d48b-9b54-4d75-9567-97836ab6557a","I774157","Data Quality Framework","Initiative: Building data quality framework","2026-03-01","2026-09-30","18","Active","Initiative","2026-04-01T10:00:00.000Z","2026-04-01T10:00:00.000Z"
"7a41f42c-58ab-45df-a3bd-6bfd699e3f4b","I774158","BTP Connectivity Assessment","Evaluation: Assessing BTP connectivity services","2026-04-01","2026-07-15","16","Active","Evaluation","2026-04-01T10:00:00.000Z","2026-04-01T10:00:00.000Z"
"4da3eaa9-5ddf-4d7d-90a6-b9a44de4fb6e","I774158","Integration Suite Accelerator","Initiative: Building integration accelerator package","2026-02-15","2026-08-31","22","Active","Initiative","2026-04-01T10:00:00.000Z","2026-04-01T10:00:00.000Z"
"02b69aa1-51f8-4e6d-bb58-d58c710b6716","I774160","S/4HANA Data Migration Audit","Evaluation: Auditing S/4HANA data migration quality","2026-03-01","2026-06-30","18","Active","Evaluation","2026-04-01T10:00:00.000Z","2026-04-01T10:00:00.000Z"
"642f5762-df93-4266-b1d3-30af07974f90","I774160","S/4HANA Data Cleansing","Initiative: Automating S/4HANA data cleansing","2026-03-01","2026-08-31","20","Active","Initiative","2026-04-01T10:00:00.000Z","2026-04-01T10:00:00.000Z"
"9f95c6b6-378d-474f-af7b-d1c831076b7d","I774161","CAP Service Performance Review","Evaluation: Reviewing CAP service performance","2026-03-15","2026-06-15","18","Active","Evaluation","2026-04-01T10:00:00.000Z","2026-04-01T10:00:00.000Z"
"26b149c0-e758-445f-89af-44eecb6cf9c5","I774161","Fiori Launchpad UX Audit","Evaluation: Auditing Fiori launchpad UX consistency","2026-04-01","2026-07-31","15","Active","Evaluation","2026-04-01T10:00:00.000Z","2026-04-01T10:00:00.000Z"
"3349d138-c041-4197-8c0c-c7acfa640984","I774161","BTP Extension Factory","Initiative: Creating BTP extension factory framework","2026-02-01","2026-08-31","20","Active","Initiative","2026-04-01T10:00:00.000Z","2026-04-01T10:00:00.000Z"
"a687a7f3-a623-4fbc-ab5f-ddb2d2fceb07","I774163","BTP Launchpad UX Review","Evaluation: Reviewing BTP launchpad user experience","2026-04-01","2026-07-31","15","Active","Evaluation","2026-04-01T10:00:00.000Z","2026-04-01T10:00:00.000Z"
"6880d44a-134d-4635-a7fd-ddacf8deff8c","I774163","Fullstack Template Library","Initiative: Building fullstack project templates","2026-03-01","2026-09-30","18","Active","Initiative","2026-04-01T10:00:00.000Z","2026-04-01T10:00:00.000Z"
"56e5aa3e-0eee-4bfe-ae6d-4e06d1d02e1c","I774164","Data Quality Assessment","Evaluation: Assessing enterprise data quality","2026-03-01","2026-06-30","20","Active","Evaluation","2026-04-01T10:00:00.000Z","2026-04-01T10:00:00.000Z"
"00b37ef3-9280-4d6e-a39f-2e252bba918c","I774164","Feature Engineering Review","Evaluation: Reviewing feature engineering pipeline","2026-04-01","2026-07-15","16","Active","Evaluation","2026-04-01T10:00:00.000Z","2026-04-01T10:00:00.000Z"
"e02f2ca2-3f3e-49d8-8281-0f14fa52529f","I774164","AutoML Platform Design","Initiative: Designing AutoML platform","2026-02-15","2026-08-31","22","Active","Initiative","2026-04-01T10:00:00.000Z","2026-04-01T10:00:00.000Z"
"7556067a-aeff-4923-a009-bdecddb7fe46","I774166","Data Pipeline Benchmark","Evaluation: Benchmarking data pipeline throughput","2026-03-15","2026-06-15","18","Active","Evaluation","2026-04-01T10:00:00.000Z","2026-04-01T10:00:00.000Z"
"2f91e595-52e0-48b3-b120-7171c32b5352","I774166","Streaming Analytics Engine","Initiative: Building streaming analytics engine","2026-03-01","2026-09-30","20","Active","Initiative","2026-04-01T10:00:00.000Z","2026-04-01T10:00:00.000Z"
"68f8bdf9-ab82-4929-95c0-b6ed880faeb8","I774167","BTP Event Mesh Benchmark","Evaluation: Benchmarking event mesh performance","2026-04-01","2026-06-30","18","Active","Evaluation","2026-04-01T10:00:00.000Z","2026-04-01T10:00:00.000Z"
"ac8889e6-53a3-4c42-9621-df70c7d15f9b","I774167","Event-Driven Architecture Guide","Initiative: Writing event-driven architecture guide","2026-02-01","2026-07-31","20","Active","Initiative","2026-04-01T10:00:00.000Z","2026-04-01T10:00:00.000Z"
"b269a66d-6ca5-4a2e-b761-252e99c6370e","I774169","Predictive Model Validation","Evaluation: Validating predictive model outputs","2026-03-01","2026-06-30","16","Active","Evaluation","2026-04-01T10:00:00.000Z","2026-04-01T10:00:00.000Z"
"5471610c-6a6e-4b52-8c2e-1935e118604a","I774169","Time Series Analysis Tool","Initiative: Building time series analysis toolkit","2026-03-01","2026-08-31","22","Active","Initiative","2026-04-01T10:00:00.000Z","2026-04-01T10:00:00.000Z"
"63cf5d42-816d-4b48-b6f2-35e02e70b83e","I774170","MM Module Regression Test","Evaluation: Running MM module regression tests","2026-04-01","2026-07-15","18","Active","Evaluation","2026-04-01T10:00:00.000Z","2026-04-01T10:00:00.000Z"
"43507567-364c-48c8-a50b-41607e09872f","I774170","S/4HANA Test Automation","Initiative: Automating S/4HANA test execution","2026-03-01","2026-09-30","18","Active","Initiative","2026-04-01T10:00:00.000Z","2026-04-01T10:00:00.000Z"
"87e8c693-decf-4911-b231-2615e6b3dddc","I780090","DevOps Pipeline Maturity Assessment","Evaluation: Assessing CI/CD pipeline maturity","2026-03-01","2026-06-30","18","Active","Evaluation","2026-04-10T10:00:00.000Z","2026-04-10T10:00:00.000Z"
"03b1bac7-9830-4381-88e8-b41697aeed8f","I780090","Cloud Native Deployment Framework","Initiative: Building cloud-native deployment framework","2026-02-15","2026-08-31","20","Active","Initiative","2026-04-10T10:00:00.000Z","2026-04-10T10:00:00.000Z"
"433fe1cb-3df6-4284-979b-004b82e017eb","I780090","GitOps Best Practices Guide","Initiative: Creating GitOps best practices documentation","2026-03-01","2026-07-31","15","Active","Initiative","2026-04-10T10:00:00.000Z","2026-04-10T10:00:00.000Z"
"44305179-7262-4eb8-846b-ccd022832725","I780134","BTP Architecture Review","Evaluation: Reviewing BTP solution architecture","2026-03-15","2026-07-15","20","Active","Evaluation","2026-04-10T10:00:00.000Z","2026-04-10T10:00:00.000Z"
"e0be656e-b49e-4835-84c5-d5fe70e7f966","I780134","BTP Reference Architecture","Initiative: Designing BTP reference architecture","2026-02-01","2026-08-31","22","Active","Initiative","2026-04-10T10:00:00.000Z","2026-04-10T10:00:00.000Z"
"e32ef4cf-eb1a-48fc-889f-a804d8aa6202","I780040","SAP Integration Assessment","Evaluation: Assessing SAP integration landscape","2026-04-01","2026-07-31","16","Active","Evaluation","2026-04-10T10:00:00.000Z","2026-04-10T10:00:00.000Z"
"195d84e1-2945-4763-8b6b-5d92a7d6db8d","I780040","Cloud Integration Patterns","Initiative: Documenting cloud integration patterns","2026-03-01","2026-09-30","18","Active","Initiative","2026-04-10T10:00:00.000Z","2026-04-10T10:00:00.000Z"
"92f92976-855f-4ecf-9a02-5bd4d039cf93","I780013","S/4HANA Solution Fit Analysis","Evaluation: Analyzing S/4HANA solution fit for clients","2026-03-01","2026-06-30","20","Active","Evaluation","2026-04-10T10:00:00.000Z","2026-04-10T10:00:00.000Z"
"7b125003-4985-4626-9bc7-e93efd562c6a","I780013","ERP Migration Accelerator","Initiative: Building ERP migration accelerator tools","2026-02-15","2026-08-31","22","Active","Initiative","2026-04-10T10:00:00.000Z","2026-04-10T10:00:00.000Z"
"d29c4e03-b319-4aa9-8e00-e55faff6f82f","I780013","SAP Activate Toolkit","Initiative: Creating SAP Activate methodology toolkit","2026-04-01","2026-10-31","15","Active","Initiative","2026-04-10T10:00:00.000Z","2026-04-10T10:00:00.000Z"
"fe52c26d-33f4-4407-aac0-4e1053cf7292","I780084","BTP Migration Readiness Check","Evaluation: Checking BTP migration readiness","2026-03-15","2026-06-15","18","Active","Evaluation","2026-04-10T10:00:00.000Z","2026-04-10T10:00:00.000Z"
"5c0fad20-2ccf-4d05-aa97-0cb3476bb3f3","I780084","BTP Migration Playbook","Initiative: Writing BTP migration playbook","2026-03-01","2026-09-30","20","Active","Initiative","2026-04-10T10:00:00.000Z","2026-04-10T10:00:00.000Z"
"55494758-6b0e-4670-9690-59fa35468f04","I780115","Enterprise Architecture Assessment","Evaluation: Assessing enterprise architecture alignment","2026-04-01","2026-07-31","20","Active","Evaluation","2026-04-10T10:00:00.000Z","2026-04-10T10:00:00.000Z"
"284c8576-0ea9-411b-9116-1607c42ffada","I780115","Architecture Governance Framework","Initiative: Building architecture governance framework","2026-02-01","2026-08-31","18","Active","Initiative","2026-04-10T10:00:00.000Z","2026-04-10T10:00:00.000Z"
"4d96fa87-cae9-4dcb-8b01-249acde8327e","I780077","AI/ML Model Performance Review","Evaluation: Reviewing AI/ML model performance metrics","2026-03-01","2026-06-30","22","Active","Evaluation","2026-04-10T10:00:00.000Z","2026-04-10T10:00:00.000Z"
"c32cfe28-54fa-40a6-8ff2-257999b2f579","I780077","Predictive Analytics Accelerator","Initiative: Building predictive analytics accelerator","2026-02-15","2026-08-31","25","Active","Initiative","2026-04-10T10:00:00.000Z","2026-04-10T10:00:00.000Z"
"0c1153df-40c5-4b22-99fb-2f835e8b5d87","I780016","ML Pipeline Efficiency Audit","Evaluation: Auditing ML pipeline efficiency","2026-03-15","2026-07-15","18","Active","Evaluation","2026-04-10T10:00:00.000Z","2026-04-10T10:00:00.000Z"
"a67159da-f122-44bf-a9d0-57c11b3fd234","I780016","GenAI Adoption Roadmap","Initiative: Designing GenAI adoption roadmap","2026-03-01","2026-09-30","20","Active","Initiative","2026-04-10T10:00:00.000Z","2026-04-10T10:00:00.000Z"
"d0caf232-0275-47aa-a6a3-69fd7157a32d","I780032","Kubernetes Cluster Health Check","Evaluation: Checking Kubernetes cluster health","2026-04-01","2026-07-31","16","Active","Evaluation","2026-04-10T10:00:00.000Z","2026-04-10T10:00:00.000Z"
"a44c185c-ccf9-4fc3-af59-13bd2da3c28b","I780032","Container Orchestration Guide","Initiative: Writing container orchestration best practices","2026-02-01","2026-07-31","18","Active","Initiative","2026-04-10T10:00:00.000Z","2026-04-10T10:00:00.000Z"
"504ffc9e-2602-4c19-be79-1ff8f1c343a6","I780018","System Architecture Compliance Review","Evaluation: Reviewing system architecture compliance","2026-03-01","2026-06-30","20","Active","Evaluation","2026-04-10T10:00:00.000Z","2026-04-10T10:00:00.000Z"
"b139712f-5683-45bf-a861-fbfd88ac4972","I780018","Technical Standards Document","Initiative: Creating technical standards documentation","2026-03-01","2026-09-30","18","Active","Initiative","2026-04-10T10:00:00.000Z","2026-04-10T10:00:00.000Z"
"bce641e6-8a2e-468c-bd9e-2c6844902691","I780018","Architecture Decision Records","Initiative: Establishing architecture decision records","2026-04-01","2026-10-31","15","Active","Initiative","2026-04-10T10:00:00.000Z","2026-04-10T10:00:00.000Z"
"f7ca3cc1-cd87-43b0-a94f-599229347e0c","I780136","Solution Design Quality Audit","Evaluation: Auditing solution design quality","2026-03-15","2026-07-15","18","Active","Evaluation","2026-04-10T10:00:00.000Z","2026-04-10T10:00:00.000Z"
"99d1808f-bbfc-4302-b49e-823a6f9411b1","I780136","Design Pattern Catalog","Initiative: Building enterprise design pattern catalog","2026-02-15","2026-08-31","20","Active","Initiative","2026-04-10T10:00:00.000Z","2026-04-10T10:00:00.000Z"
"7c083072-7adf-4ee9-a895-4f66562aa314","I780100","Code Quality Metrics Review","Evaluation: Reviewing code quality metrics baseline","2026-04-01","2026-07-31","16","Active","Evaluation","2026-04-10T10:00:00.000Z","2026-04-10T10:00:00.000Z"
"e1c689c4-027d-4c0c-a859-e9eff2592b3e","I780100","Engineering Excellence Program","Initiative: Launching engineering excellence program","2026-03-01","2026-09-30","22","Active","Initiative","2026-04-10T10:00:00.000Z","2026-04-10T10:00:00.000Z"
"1c0e58fa-d09d-42b5-b26c-b5c53e085c48","I780023","Performance Optimization Assessment","Evaluation: Assessing performance optimization areas","2026-03-01","2026-06-30","18","Active","Evaluation","2026-04-10T10:00:00.000Z","2026-04-10T10:00:00.000Z"
"bd332a44-e36b-46b7-affd-fd71cea4a0ad","I780023","Developer Productivity Toolkit","Initiative: Building developer productivity toolkit","2026-02-01","2026-08-31","20","Active","Initiative","2026-04-10T10:00:00.000Z","2026-04-10T10:00:00.000Z"
"365b87e3-1bcb-4035-ab07-b3ca97b7ce0c","I780125","Cloud Architecture Readiness Review","Evaluation: Reviewing cloud architecture readiness","2026-03-15","2026-07-15","20","Active","Evaluation","2026-04-10T10:00:00.000Z","2026-04-10T10:00:00.000Z"
"77f6b7bb-4325-40a6-9d23-d5fd2e79bcf3","I780125","Cloud Center of Excellence","Initiative: Establishing cloud center of excellence","2026-03-01","2026-09-30","22","Active","Initiative","2026-04-10T10:00:00.000Z","2026-04-10T10:00:00.000Z"
"9cbf2832-6025-44d2-aad1-ab7d8b730bbc","I780104","Integration Landscape Assessment","Evaluation: Assessing integration landscape complexity","2026-04-01","2026-07-31","18","Active","Evaluation","2026-04-10T10:00:00.000Z","2026-04-10T10:00:00.000Z"
"e2cbe559-1611-4991-ad84-e8a6a136b83e","I780104","API Strategy Document","Initiative: Defining enterprise API strategy","2026-02-15","2026-08-31","20","Active","Initiative","2026-04-10T10:00:00.000Z","2026-04-10T10:00:00.000Z"
"b9d6e266-ad51-4bbb-a688-8dbd58f588e7","I780113","AI Ethics Compliance Check","Evaluation: Checking AI ethics compliance standards","2026-03-01","2026-06-30","18","Active","Evaluation","2026-04-10T10:00:00.000Z","2026-04-10T10:00:00.000Z"
"37782308-df75-4c79-92c6-55de3e230a00","I780113","Responsible AI Framework","Initiative: Building responsible AI framework","2026-03-01","2026-09-30","22","Active","Initiative","2026-04-10T10:00:00.000Z","2026-04-10T10:00:00.000Z"
"dfe50758-aa7d-40df-a10e-250406668a1a","I780107","Legacy Modernization Assessment","Evaluation: Assessing legacy system modernization needs","2026-03-15","2026-07-15","20","Active","Evaluation","2026-04-10T10:00:00.000Z","2026-04-10T10:00:00.000Z"
"05c84207-f591-4581-a0d5-8fb2de831e3f","I780107","Modernization Blueprint","Initiative: Creating system modernization blueprint","2026-02-01","2026-08-31","18","Active","Initiative","2026-04-10T10:00:00.000Z","2026-04-10T10:00:00.000Z"
"d8c1d3e2-4c5e-44d6-9801-5d9ea6ce9fd1","I780091","Infrastructure Resilience Audit","Evaluation: Auditing infrastructure resilience","2026-04-01","2026-07-31","16","Active","Evaluation","2026-04-10T10:00:00.000Z","2026-04-10T10:00:00.000Z"
"2f5a3db6-06c4-4cfc-844a-b7ec024e53bd","I780091","High Availability Patterns Guide","Initiative: Documenting high availability patterns","2026-03-01","2026-09-30","20","Active","Initiative","2026-04-10T10:00:00.000Z","2026-04-10T10:00:00.000Z"
"5d60ce40-cfcc-4fe4-ab20-4de6b43ad965","I780142","Platform Scalability Review","Evaluation: Reviewing platform scalability benchmarks","2026-03-01","2026-06-30","20","Active","Evaluation","2026-04-10T10:00:00.000Z","2026-04-10T10:00:00.000Z"
"487c4dd0-38c8-4022-a7bf-81da6e44ba82","I780142","Performance Engineering Guide","Initiative: Writing performance engineering guidelines","2026-02-15","2026-08-31","18","Active","Initiative","2026-04-10T10:00:00.000Z","2026-04-10T10:00:00.000Z"
"f118bc55-a2e2-4dab-8c0d-40dbac33f5df","I780011","Technical Debt Assessment","Evaluation: Assessing technical debt impact","2026-03-15","2026-07-15","18","Active","Evaluation","2026-04-10T10:00:00.000Z","2026-04-10T10:00:00.000Z"
"574f0eb9-99d4-4861-80b0-9629d2f19935","I780011","Tech Debt Remediation Roadmap","Initiative: Creating tech debt remediation roadmap","2026-03-01","2026-09-30","22","Active","Initiative","2026-04-10T10:00:00.000Z","2026-04-10T10:00:00.000Z"
"f298e843-0862-48d6-8690-17705f035d8a","I780027","Cloud Native Architecture Review","Evaluation: Reviewing cloud native architecture","2026-04-01","2026-07-31","20","Active","Evaluation","2026-04-10T10:00:00.000Z","2026-04-10T10:00:00.000Z"
"7a55863a-3805-41b5-aeb8-508026834879","I780027","Microservices Reference Architecture","Initiative: Designing microservices reference architecture","2026-02-01","2026-08-31","20","Active","Initiative","2026-04-10T10:00:00.000Z","2026-04-10T10:00:00.000Z"
"1b8202ab-52b7-4094-b908-77bf220da1b9","I780069","DevSecOps Maturity Assessment","Evaluation: Assessing DevSecOps maturity level","2026-03-01","2026-06-30","18","Active","Evaluation","2026-04-10T10:00:00.000Z","2026-04-10T10:00:00.000Z"
"e43dd6fc-8d79-4dd6-9211-7dac7f7dee26","I780069","Security Automation Pipeline","Initiative: Building security automation pipeline","2026-03-01","2026-09-30","22","Active","Initiative","2026-04-10T10:00:00.000Z","2026-04-10T10:00:00.000Z"
"42f16f18-8318-4ad1-a195-b3633356e49b","I780098","AI Model Bias Analysis","Evaluation: Analyzing AI model bias and fairness","2026-03-15","2026-07-15","20","Active","Evaluation","2026-04-10T10:00:00.000Z","2026-04-10T10:00:00.000Z"
"30aae673-22b1-4e49-bce8-cc9b2d7490b9","I780098","MLOps Maturity Model","Initiative: Developing MLOps maturity model","2026-02-15","2026-08-31","18","Active","Initiative","2026-04-10T10:00:00.000Z","2026-04-10T10:00:00.000Z"
"e15573b7-357f-4112-8141-04facb2dfb4e","I780053","Infrastructure Automation Review","Evaluation: Reviewing infrastructure automation coverage","2026-04-01","2026-07-31","16","Active","Evaluation","2026-04-10T10:00:00.000Z","2026-04-10T10:00:00.000Z"
"ec4dc5cc-cc03-46f5-846a-14b965cfcabc","I780053","IaC Template Library","Initiative: Building Infrastructure-as-Code template library","2026-03-01","2026-09-30","20","Active","Initiative","2026-04-10T10:00:00.000Z","2026-04-10T10:00:00.000Z"
"19620486-a26f-4766-b49a-c004c5b99a28","I780037","Code Review Process Audit","Evaluation: Auditing code review process effectiveness","2026-03-01","2026-06-30","18","Active","Evaluation","2026-04-10T10:00:00.000Z","2026-04-10T10:00:00.000Z"
"6283378e-fd80-4945-a9f6-8f0cc47db735","I780037","Developer Onboarding Accelerator","Initiative: Creating developer onboarding accelerator","2026-02-01","2026-07-31","20","Active","Initiative","2026-04-10T10:00:00.000Z","2026-04-10T10:00:00.000Z"
"0965ed9f-076b-451e-8407-610e325d7413","I780127","Solution Blueprint Validation","Evaluation: Validating solution blueprint accuracy","2026-03-15","2026-07-15","20","Active","Evaluation","2026-04-10T10:00:00.000Z","2026-04-10T10:00:00.000Z"
"229d4fb8-c838-4369-aae1-993853341459","I780127","SAP Architecture Catalog","Initiative: Building SAP architecture solution catalog","2026-03-01","2026-09-30","22","Active","Initiative","2026-04-10T10:00:00.000Z","2026-04-10T10:00:00.000Z"
"52a8555e-dca5-4545-b84f-bf7b81143fce","I780006","Frontend Performance Benchmark","Evaluation: Benchmarking frontend app performance","2026-04-01","2026-07-31","16","Active","Evaluation","2026-04-10T10:00:00.000Z","2026-04-10T10:00:00.000Z"
"aaba191c-d5ef-464a-8392-f6eeb3e30a45","I780006","UI Component Library","Initiative: Building reusable UI component library","2026-02-15","2026-08-31","20","Active","Initiative","2026-04-10T10:00:00.000Z","2026-04-10T10:00:00.000Z"
"c180a70d-dc55-4584-b580-b7f8e22e2367","I780044","Backend Optimization Review","Evaluation: Reviewing backend service optimization","2026-03-01","2026-06-30","18","Active","Evaluation","2026-04-10T10:00:00.000Z","2026-04-10T10:00:00.000Z"
"89e24465-75c8-40b4-a0d8-d413d6b10148","I780044","API Performance Tuning Guide","Initiative: Writing API performance tuning guide","2026-03-01","2026-09-30","18","Active","Initiative","2026-04-10T10:00:00.000Z","2026-04-10T10:00:00.000Z"
"aa487e7a-43ba-4db0-acb2-0f1645ee9281","I780059","System Integration Assessment","Evaluation: Assessing system integration complexity","2026-03-15","2026-07-15","20","Active","Evaluation","2026-04-10T10:00:00.000Z","2026-04-10T10:00:00.000Z"
"45882f66-9e62-443f-b315-6762f2d0a787","I780059","Integration Patterns Handbook","Initiative: Writing integration patterns handbook","2026-02-01","2026-08-31","18","Active","Initiative","2026-04-10T10:00:00.000Z","2026-04-10T10:00:00.000Z"
"5256fe24-bd4a-4515-96c6-ab19cb9c3390","I780082","Cloud Service Reliability Review","Evaluation: Reviewing cloud service reliability metrics","2026-04-01","2026-07-31","18","Active","Evaluation","2026-04-10T10:00:00.000Z","2026-04-10T10:00:00.000Z"
"51c443c9-2899-466d-b31d-883bd9a944c2","I780082","SRE Practices Adoption","Initiative: Adopting site reliability engineering practices","2026-03-01","2026-09-30","22","Active","Initiative","2026-04-10T10:00:00.000Z","2026-04-10T10:00:00.000Z"
"0a0c256a-0e73-458d-aa13-f0e694b1d9d7","I780070","Technology Landscape Review","Evaluation: Reviewing current technology landscape","2026-03-01","2026-06-30","20","Active","Evaluation","2026-04-10T10:00:00.000Z","2026-04-10T10:00:00.000Z"
"ac89a109-6b69-45eb-b849-03f180eb696f","I780070","Tech Radar Publication","Initiative: Publishing quarterly tech radar report","2026-02-15","2026-08-31","15","Active","Initiative","2026-04-10T10:00:00.000Z","2026-04-10T10:00:00.000Z"
"4d133e19-8d37-4924-bd1f-0a6fef16e34c","I780048","Middleware Performance Audit","Evaluation: Auditing middleware performance bottlenecks","2026-03-15","2026-07-15","18","Active","Evaluation","2026-04-10T10:00:00.000Z","2026-04-10T10:00:00.000Z"
"d5f7c0a6-84d1-4584-97b3-eb3bf57af6c0","I780048","Middleware Modernization Plan","Initiative: Planning middleware modernization roadmap","2026-03-01","2026-09-30","20","Active","Initiative","2026-04-10T10:00:00.000Z","2026-04-10T10:00:00.000Z"
"1c6cc70f-212b-46e3-ba0e-b3d5715fb079","I780120","Data Science Model Validation","Evaluation: Validating data science model accuracy","2026-04-01","2026-07-31","20","Active","Evaluation","2026-04-10T10:00:00.000Z","2026-04-10T10:00:00.000Z"
"fb7428f8-eea0-4369-96f0-6bdc9f8f1829","I780120","Data Literacy Program","Initiative: Launching enterprise data literacy program","2026-02-01","2026-08-31","22","Active","Initiative","2026-04-10T10:00:00.000Z","2026-04-10T10:00:00.000Z"
"335844b9-caa1-4028-a736-a9b36c9e7831","I780062","Full Stack Quality Assessment","Evaluation: Assessing full stack code quality","2026-03-01","2026-06-30","18","Active","Evaluation","2026-04-10T10:00:00.000Z","2026-04-10T10:00:00.000Z"
"b342aea1-9505-4cfd-8f1c-8f7b7561455b","I780062","Cross-Platform Dev Guide","Initiative: Writing cross-platform development guide","2026-03-01","2026-09-30","18","Active","Initiative","2026-04-10T10:00:00.000Z","2026-04-10T10:00:00.000Z"
"30ad3ca0-c7d0-4668-8596-04fb494d3f71","I780001","Backend Service Health Review","Evaluation: Reviewing backend service health metrics","2026-03-15","2026-06-30","16","Active","Evaluation","2026-04-10T10:00:00.000Z","2026-04-10T10:00:00.000Z"
"8eda7c48-5da7-478f-803d-e78a9da9d2dd","I780001","Code Quality Improvement Plan","Initiative: Developing code quality improvement plan","2026-03-01","2026-08-31","18","Active","Initiative","2026-04-10T10:00:00.000Z","2026-04-10T10:00:00.000Z"
"3b7f1aaf-2dd4-4917-824b-994f2cc1887b","I780003","Data Pipeline Quality Check","Evaluation: Checking data pipeline quality metrics","2026-04-01","2026-07-31","18","Active","Evaluation","2026-04-10T10:00:00.000Z","2026-04-10T10:00:00.000Z"
"eab800e9-0856-4834-a292-d95b336a7540","I780003","Data Validation Framework","Initiative: Building data validation framework","2026-02-15","2026-08-31","20","Active","Initiative","2026-04-10T10:00:00.000Z","2026-04-10T10:00:00.000Z"
"aabea238-6101-43c3-b024-76723409dc77","I780004","Solution Architecture Review","Evaluation: Reviewing solution architecture documentation","2026-03-01","2026-06-30","18","Active","Evaluation","2026-04-10T10:00:00.000Z","2026-04-10T10:00:00.000Z"
"fcae671e-a625-4325-8696-aac9dec71c31","I780004","Architecture Templates","Initiative: Creating reusable architecture templates","2026-03-01","2026-09-30","20","Active","Initiative","2026-04-10T10:00:00.000Z","2026-04-10T10:00:00.000Z"
"85ea3b88-2055-4591-b3d2-0d08fa9992cc","I780009","API Testing Coverage Review","Evaluation: Reviewing API testing coverage","2026-03-15","2026-07-15","16","Active","Evaluation","2026-04-10T10:00:00.000Z","2026-04-10T10:00:00.000Z"
"5052bf5e-78b8-4974-afb5-fe88e39fff2d","I780009","Automated Testing Suite","Initiative: Building automated testing suite","2026-02-01","2026-07-31","18","Active","Initiative","2026-04-10T10:00:00.000Z","2026-04-10T10:00:00.000Z"
"e9a24ae2-89fe-42ba-b848-c4433c08c9cd","I780010","Full Stack App Performance Review","Evaluation: Reviewing full stack app performance","2026-04-01","2026-07-31","18","Active","Evaluation","2026-04-10T10:00:00.000Z","2026-04-10T10:00:00.000Z"
"65f8aba8-37b9-4b90-840f-6bbd4bb2e4c3","I780010","Progressive Web App Toolkit","Initiative: Building progressive web app toolkit","2026-03-01","2026-09-30","20","Active","Initiative","2026-04-10T10:00:00.000Z","2026-04-10T10:00:00.000Z"
"08e1b82a-7234-4d88-9825-b26f1ca960ca","I780015","ML Model Bias Check","Evaluation: Checking ML model bias metrics","2026-03-01","2026-06-30","20","Active","Evaluation","2026-04-10T10:00:00.000Z","2026-04-10T10:00:00.000Z"
"e754d98f-6e5d-49b4-af5d-33941dcff8dd","I780015","Responsible ML Toolkit","Initiative: Building responsible ML evaluation toolkit","2026-02-15","2026-08-31","22","Active","Initiative","2026-04-10T10:00:00.000Z","2026-04-10T10:00:00.000Z"
"4708c0e9-a140-4e8d-80d1-17135f87d61a","I780024","SAP Solution Design Review","Evaluation: Reviewing SAP solution design specs","2026-03-15","2026-07-15","18","Active","Evaluation","2026-04-10T10:00:00.000Z","2026-04-10T10:00:00.000Z"
"202983e5-1c1e-45c1-8d54-ec92aea3b00a","I780024","Solution Design Templates","Initiative: Creating SAP solution design templates","2026-03-01","2026-09-30","18","Active","Initiative","2026-04-10T10:00:00.000Z","2026-04-10T10:00:00.000Z"
"3d58eec8-7bb9-44d2-86cf-61968f77e0d4","I780026","Backend Security Audit","Evaluation: Auditing backend security vulnerabilities","2026-04-01","2026-07-31","16","Active","Evaluation","2026-04-10T10:00:00.000Z","2026-04-10T10:00:00.000Z"
"94edfc1f-a18a-42c2-a646-f68c21494498","I780026","Secure Coding Guidelines","Initiative: Writing secure coding guidelines","2026-02-01","2026-07-31","18","Active","Initiative","2026-04-10T10:00:00.000Z","2026-04-10T10:00:00.000Z"
"a60d8317-1eba-4005-81fa-a710867cb938","I780029","UI/UX Consistency Review","Evaluation: Reviewing UI/UX consistency across apps","2026-03-01","2026-06-30","18","Active","Evaluation","2026-04-10T10:00:00.000Z","2026-04-10T10:00:00.000Z"
"24cbb289-336e-4e83-9637-85e351a23089","I780029","UI Standards Library","Initiative: Building UI standards component library","2026-03-01","2026-09-30","20","Active","Initiative","2026-04-10T10:00:00.000Z","2026-04-10T10:00:00.000Z"
"675edc64-1ea1-4186-b015-234845fc172e","I780033","Enterprise Architecture Gap Analysis","Evaluation: Analyzing enterprise architecture gaps","2026-03-15","2026-07-15","20","Active","Evaluation","2026-04-10T10:00:00.000Z","2026-04-10T10:00:00.000Z"
"047bdc79-7a7a-428c-a550-883c01651ec1","I780033","EA Governance Process","Initiative: Establishing EA governance process","2026-02-15","2026-08-31","18","Active","Initiative","2026-04-10T10:00:00.000Z","2026-04-10T10:00:00.000Z"
"93d11858-ad23-4260-8498-fc8561fbb3e3","I780035","QA Process Maturity Assessment","Evaluation: Assessing QA process maturity","2026-04-01","2026-07-31","16","Active","Evaluation","2026-04-10T10:00:00.000Z","2026-04-10T10:00:00.000Z"
"d22a49ce-471a-4a9d-b9f1-80fc67ce0a58","I780035","Test Automation Framework","Initiative: Building test automation framework","2026-03-01","2026-09-30","22","Active","Initiative","2026-04-10T10:00:00.000Z","2026-04-10T10:00:00.000Z"
"ec9aa2dc-af60-4577-8218-eecbc2c6a8b2","I780039","AI Model Training Efficiency Review","Evaluation: Reviewing AI model training efficiency","2026-03-01","2026-06-30","20","Active","Evaluation","2026-04-10T10:00:00.000Z","2026-04-10T10:00:00.000Z"
"40a2f327-0914-4118-89a5-63e25c6edbb0","I780039","AutoML Pipeline Builder","Initiative: Building AutoML pipeline builder tool","2026-02-01","2026-08-31","22","Active","Initiative","2026-04-10T10:00:00.000Z","2026-04-10T10:00:00.000Z"
"e2beb55e-b16f-48b1-9a43-b9a8d2513dec","I780041","Data Governance Compliance Check","Evaluation: Checking data governance compliance","2026-03-15","2026-07-15","18","Active","Evaluation","2026-04-10T10:00:00.000Z","2026-04-10T10:00:00.000Z"
"2e637dcf-669e-40f1-9d29-d73ac30734f5","I780041","Data Catalog Enhancement","Initiative: Enhancing enterprise data catalog","2026-03-01","2026-09-30","18","Active","Initiative","2026-04-10T10:00:00.000Z","2026-04-10T10:00:00.000Z"
"ee06619b-02f3-4020-b36a-d1ecea3181d6","I780045","Cloud Service Configuration Review","Evaluation: Reviewing cloud service configurations","2026-04-01","2026-07-31","18","Active","Evaluation","2026-04-10T10:00:00.000Z","2026-04-10T10:00:00.000Z"
"575fa948-1fe5-40ef-9678-adc594643fdf","I780045","Cloud Cost Optimization Guide","Initiative: Writing cloud cost optimization guide","2026-02-15","2026-08-31","20","Active","Initiative","2026-04-10T10:00:00.000Z","2026-04-10T10:00:00.000Z"
"9ebc33c0-5945-4ec5-95e7-047539e294c9","I780047","API Response Time Benchmark","Evaluation: Benchmarking API response times","2026-03-01","2026-06-30","16","Active","Evaluation","2026-04-10T10:00:00.000Z","2026-04-10T10:00:00.000Z"
"b88ad7f8-f7c1-4a2b-a080-357817f660eb","I780047","API Documentation Standards","Initiative: Establishing API documentation standards","2026-03-01","2026-09-30","18","Active","Initiative","2026-04-10T10:00:00.000Z","2026-04-10T10:00:00.000Z"
"ff0e03da-afb5-4cf2-ba48-d6102022f5dc","I780050","Frontend Bundle Size Review","Evaluation: Reviewing frontend bundle size optimization","2026-03-15","2026-07-15","18","Active","Evaluation","2026-04-10T10:00:00.000Z","2026-04-10T10:00:00.000Z"
"b0231f33-cdba-40d6-a21c-378350e084f8","I780050","Web Performance Toolkit","Initiative: Building web performance optimization toolkit","2026-02-01","2026-07-31","20","Active","Initiative","2026-04-10T10:00:00.000Z","2026-04-10T10:00:00.000Z"
"5ec78e62-dc63-40bf-8e23-f0f3e7e7cd87","I780054","SAP Module Configuration Audit","Evaluation: Auditing SAP module configuration","2026-04-01","2026-07-31","20","Active","Evaluation","2026-04-10T10:00:00.000Z","2026-04-10T10:00:00.000Z"
"8c43e152-d69f-4a17-944c-da4d90cc2f67","I780054","SAP Configuration Best Practices","Initiative: Documenting SAP configuration best practices","2026-03-01","2026-09-30","18","Active","Initiative","2026-04-10T10:00:00.000Z","2026-04-10T10:00:00.000Z"
"22ab96cd-ef99-475f-a4e7-14998b2d1292","I780056","Application Stability Review","Evaluation: Reviewing application stability metrics","2026-03-01","2026-06-30","16","Active","Evaluation","2026-04-10T10:00:00.000Z","2026-04-10T10:00:00.000Z"
"c24204cd-ecd3-4606-bafa-05e3857d7ee4","I780056","Monitoring Dashboard Suite","Initiative: Building application monitoring dashboard","2026-02-15","2026-08-31","18","Active","Initiative","2026-04-10T10:00:00.000Z","2026-04-10T10:00:00.000Z"
"3cbe801a-c6ba-4931-9c11-a9e012cb2890","I780061","Backend Latency Analysis","Evaluation: Analyzing backend service latency patterns","2026-03-15","2026-07-15","18","Active","Evaluation","2026-04-10T10:00:00.000Z","2026-04-10T10:00:00.000Z"
"a06f7d6d-f6d6-416c-bb36-931fa50589f1","I780061","Latency Optimization Guide","Initiative: Writing service latency optimization guide","2026-03-01","2026-09-30","20","Active","Initiative","2026-04-10T10:00:00.000Z","2026-04-10T10:00:00.000Z"
"4fcb3db1-bc93-4a50-a771-6f2af857aa98","I780063","System Integration Testing Review","Evaluation: Reviewing system integration test coverage","2026-04-01","2026-07-31","20","Active","Evaluation","2026-04-10T10:00:00.000Z","2026-04-10T10:00:00.000Z"
"a66b73a2-410c-4985-9318-f3e1860655b4","I780063","Integration Testing Framework","Initiative: Building integration testing framework","2026-02-01","2026-08-31","18","Active","Initiative","2026-04-10T10:00:00.000Z","2026-04-10T10:00:00.000Z"
"bb6740ab-76bb-484e-806d-be63d4f8a09a","I780066","Frontend Accessibility Audit","Evaluation: Auditing frontend accessibility compliance","2026-03-01","2026-06-30","16","Active","Evaluation","2026-04-10T10:00:00.000Z","2026-04-10T10:00:00.000Z"
"cda7f8a3-1757-4103-bdad-9f55fc38d80e","I780066","Accessible UI Toolkit","Initiative: Building accessible UI component toolkit","2026-03-01","2026-09-30","20","Active","Initiative","2026-04-10T10:00:00.000Z","2026-04-10T10:00:00.000Z"
"0c9eb0c4-5f3c-41df-9c61-36e25a161d19","I780068","Data Model Quality Assessment","Evaluation: Assessing data model quality and consistency","2026-03-15","2026-07-15","20","Active","Evaluation","2026-04-10T10:00:00.000Z","2026-04-10T10:00:00.000Z"
"e083ce42-10ec-408f-95c8-97ebe25a75f4","I780068","Feature Store Development","Initiative: Developing ML feature store platform","2026-02-15","2026-08-31","22","Active","Initiative","2026-04-10T10:00:00.000Z","2026-04-10T10:00:00.000Z"
"c3dd5e53-500a-45a9-829c-a69ac81b2153","I780072","Technical Specification Review","Evaluation: Reviewing technical specification documents","2026-04-01","2026-07-31","18","Active","Evaluation","2026-04-10T10:00:00.000Z","2026-04-10T10:00:00.000Z"
"b9c20bb4-d9bd-4658-8d95-36560cf8642e","I780072","Specification Template Library","Initiative: Creating specification template library","2026-03-01","2026-09-30","18","Active","Initiative","2026-04-10T10:00:00.000Z","2026-04-10T10:00:00.000Z"
"eabc4e66-ea5d-4e61-8e71-72d6efcff521","I780076","Microservice Health Check","Evaluation: Checking microservice health and uptime","2026-03-01","2026-06-30","16","Active","Evaluation","2026-04-10T10:00:00.000Z","2026-04-10T10:00:00.000Z"
"e0ebeeae-2549-456c-b4d3-1353f0da4278","I780076","Service Mesh Adoption Plan","Initiative: Planning service mesh adoption","2026-02-01","2026-08-31","18","Active","Initiative","2026-04-10T10:00:00.000Z","2026-04-10T10:00:00.000Z"
"9b7e715b-e37f-4b23-9d75-9f8c056110cf","I780081","Database Performance Review","Evaluation: Reviewing database performance benchmarks","2026-03-15","2026-07-15","18","Active","Evaluation","2026-04-10T10:00:00.000Z","2026-04-10T10:00:00.000Z"
"205e6f66-f198-4685-a9f8-af7c834c3091","I780081","Database Optimization Toolkit","Initiative: Building database optimization toolkit","2026-03-01","2026-09-30","20","Active","Initiative","2026-04-10T10:00:00.000Z","2026-04-10T10:00:00.000Z"
"a3b3b922-0f42-477c-a5d1-038a6deecdb4","I780083","Data Quality Metrics Review","Evaluation: Reviewing data quality metrics dashboard","2026-04-01","2026-07-31","20","Active","Evaluation","2026-04-10T10:00:00.000Z","2026-04-10T10:00:00.000Z"
"5730c162-5c29-421a-b532-673f6f83e25d","I780083","Data Profiling Automation","Initiative: Automating data profiling processes","2026-02-15","2026-08-31","22","Active","Initiative","2026-04-10T10:00:00.000Z","2026-04-10T10:00:00.000Z"
"6e3c9567-afb7-4b72-8a96-c8cebd254729","I780088","NLP Model Accuracy Assessment","Evaluation: Assessing NLP model accuracy benchmarks","2026-03-01","2026-06-30","18","Active","Evaluation","2026-04-10T10:00:00.000Z","2026-04-10T10:00:00.000Z"
"6f0fdefb-0dc9-4e77-97aa-7cb19bba5b8d","I780088","NLP Service Platform","Initiative: Building NLP-as-a-service platform","2026-03-01","2026-09-30","22","Active","Initiative","2026-04-10T10:00:00.000Z","2026-04-10T10:00:00.000Z"
"aedba2c2-c97b-41bb-acc9-a117ed46f392","I780089","Statistical Model Validation","Evaluation: Validating statistical model outputs","2026-03-15","2026-07-15","16","Active","Evaluation","2026-04-10T10:00:00.000Z","2026-04-10T10:00:00.000Z"
"ff3ded90-adb1-40b2-aee2-82628a53f48c","I780089","Experiment Tracking Platform","Initiative: Building ML experiment tracking platform","2026-02-01","2026-08-31","20","Active","Initiative","2026-04-10T10:00:00.000Z","2026-04-10T10:00:00.000Z"
"12e244b0-5fb5-4e9b-be8c-10dc10c842e4","I780093","Cloud Design Pattern Review","Evaluation: Reviewing cloud design pattern adherence","2026-04-01","2026-07-31","18","Active","Evaluation","2026-04-10T10:00:00.000Z","2026-04-10T10:00:00.000Z"
"423fe8a9-a777-4ff8-b4c5-32bc8b45badc","I780093","Cloud Design Pattern Catalog","Initiative: Building cloud design pattern catalog","2026-03-01","2026-09-30","18","Active","Initiative","2026-04-10T10:00:00.000Z","2026-04-10T10:00:00.000Z"
"df286fb0-eee9-4123-af4a-f1fb0eae0375","I780096","Service Reliability Assessment","Evaluation: Assessing service reliability indicators","2026-03-01","2026-06-30","18","Active","Evaluation","2026-04-10T10:00:00.000Z","2026-04-10T10:00:00.000Z"
"06d39f82-655b-4469-b1b1-fac632b796f4","I780096","SLA Monitoring Dashboard","Initiative: Building SLA monitoring dashboard","2026-02-15","2026-08-31","20","Active","Initiative","2026-04-10T10:00:00.000Z","2026-04-10T10:00:00.000Z"
"fbed4286-5095-43f4-9667-d3faf1b43a29","I780099","Full Stack Test Coverage Review","Evaluation: Reviewing full stack test coverage gaps","2026-03-15","2026-07-15","16","Active","Evaluation","2026-04-10T10:00:00.000Z","2026-04-10T10:00:00.000Z"
"c2edb4bf-b5ec-4e97-a869-7bd8b176ee3d","I780099","E2E Testing Suite","Initiative: Building end-to-end testing suite","2026-03-01","2026-09-30","20","Active","Initiative","2026-04-10T10:00:00.000Z","2026-04-10T10:00:00.000Z"
"14e463bb-2bf9-4af0-9a10-d697890dd8b7","I780102","Application Deployment Review","Evaluation: Reviewing application deployment processes","2026-04-01","2026-07-31","18","Active","Evaluation","2026-04-10T10:00:00.000Z","2026-04-10T10:00:00.000Z"
"6a045fe3-6ca3-4543-b9c6-9c1281f1589e","I780102","CI/CD Pipeline Templates","Initiative: Creating CI/CD pipeline templates","2026-02-01","2026-08-31","18","Active","Initiative","2026-04-10T10:00:00.000Z","2026-04-10T10:00:00.000Z"
"841f7cd0-bd6f-465f-bbbb-e421fb56ca99","I780106","Backend Scalability Test","Evaluation: Testing backend service scalability","2026-03-01","2026-06-30","16","Active","Evaluation","2026-04-10T10:00:00.000Z","2026-04-10T10:00:00.000Z"
"d7828a14-8abe-4047-998d-b40527d35a0f","I780106","Performance Testing Suite","Initiative: Building performance testing suite","2026-03-01","2026-09-30","20","Active","Initiative","2026-04-10T10:00:00.000Z","2026-04-10T10:00:00.000Z"
"215a3459-2c78-4397-9806-7418aba03249","I780108","Frontend Component Review","Evaluation: Reviewing frontend component architecture","2026-03-15","2026-07-15","18","Active","Evaluation","2026-04-10T10:00:00.000Z","2026-04-10T10:00:00.000Z"
"bd1aed8a-374e-47e8-9f7d-44e916684fed","I780108","Design System Components","Initiative: Building design system component library","2026-02-15","2026-08-31","22","Active","Initiative","2026-04-10T10:00:00.000Z","2026-04-10T10:00:00.000Z"
"9175c3b0-fa69-405a-97b2-fadc5ccc87ad","I780112","Full Stack Integration Review","Evaluation: Reviewing full stack integration points","2026-04-01","2026-07-31","18","Active","Evaluation","2026-04-10T10:00:00.000Z","2026-04-10T10:00:00.000Z"
"28437557-33d6-460a-9302-66a53374e0a3","I780112","Integration Testing Toolkit","Initiative: Building integration testing toolkit","2026-03-01","2026-09-30","18","Active","Initiative","2026-04-10T10:00:00.000Z","2026-04-10T10:00:00.000Z"
"392aea8e-c9ef-488a-8193-8a189977e4ff","I780114","DevOps Toolchain Assessment","Evaluation: Assessing DevOps toolchain effectiveness","2026-03-01","2026-06-30","16","Active","Evaluation","2026-04-10T10:00:00.000Z","2026-04-10T10:00:00.000Z"
"f8e2dc44-4caa-4b57-be6d-11b41a9ef847","I780114","DevOps Maturity Roadmap","Initiative: Creating DevOps maturity roadmap","2026-02-01","2026-08-31","20","Active","Initiative","2026-04-10T10:00:00.000Z","2026-04-10T10:00:00.000Z"
"8bb52e25-5b2f-469f-b4be-223dc7d32673","I780119","Service Mesh Configuration Review","Evaluation: Reviewing service mesh configuration","2026-03-15","2026-07-15","18","Active","Evaluation","2026-04-10T10:00:00.000Z","2026-04-10T10:00:00.000Z"
"0833924c-79ea-415b-94cf-62aa1e556db4","I780119","Observability Framework","Initiative: Building observability framework","2026-03-01","2026-09-30","22","Active","Initiative","2026-04-10T10:00:00.000Z","2026-04-10T10:00:00.000Z"
"abeae01c-6b69-448e-90a4-8d120f16000d","I780121","Application Security Scan Review","Evaluation: Reviewing application security scan results","2026-04-01","2026-07-31","16","Active","Evaluation","2026-04-10T10:00:00.000Z","2026-04-10T10:00:00.000Z"
"981c0876-0664-4f18-b864-4978ecf1ae7a","I780121","Security Checklist Template","Initiative: Creating security checklist templates","2026-02-15","2026-08-31","18","Active","Initiative","2026-04-10T10:00:00.000Z","2026-04-10T10:00:00.000Z"
"104224b5-e213-48be-921a-8f7e47112c94","I780124","API Contract Testing Review","Evaluation: Reviewing API contract testing coverage","2026-03-01","2026-06-30","18","Active","Evaluation","2026-04-10T10:00:00.000Z","2026-04-10T10:00:00.000Z"
"8bfc4ef0-57d0-43d2-8895-5b26858c0db8","I780124","Consumer-Driven Contract Testing","Initiative: Implementing consumer-driven contract testing","2026-03-01","2026-09-30","20","Active","Initiative","2026-04-10T10:00:00.000Z","2026-04-10T10:00:00.000Z"
"70160840-6abc-4516-af2c-bb6b6b66ef05","I780126","UI Performance Benchmark","Evaluation: Benchmarking UI rendering performance","2026-03-15","2026-07-15","18","Active","Evaluation","2026-04-10T10:00:00.000Z","2026-04-10T10:00:00.000Z"
"14dadb1c-4eba-4d25-bab6-e0b375cb1616","I780126","Frontend Performance Guide","Initiative: Writing frontend performance optimization guide","2026-02-01","2026-07-31","20","Active","Initiative","2026-04-10T10:00:00.000Z","2026-04-10T10:00:00.000Z"
"15c6a05f-1785-4a45-9412-14b0161fd70b","I780129","Full Stack Security Assessment","Evaluation: Assessing full stack security posture","2026-04-01","2026-07-31","16","Active","Evaluation","2026-04-10T10:00:00.000Z","2026-04-10T10:00:00.000Z"
"e6237712-f4b6-4760-97c8-b0f444a586c4","I780129","Security Best Practices Guide","Initiative: Writing security best practices guide","2026-03-01","2026-09-30","18","Active","Initiative","2026-04-10T10:00:00.000Z","2026-04-10T10:00:00.000Z"
"1a8fb7ad-2289-4dce-bcbd-57fcf05bfb88","I780132","CI/CD Pipeline Efficiency Review","Evaluation: Reviewing CI/CD pipeline efficiency","2026-03-01","2026-06-30","18","Active","Evaluation","2026-04-10T10:00:00.000Z","2026-04-10T10:00:00.000Z"
"777a5bdd-5dd4-4230-83bf-ccb51211d8f7","I780132","Pipeline Optimization Suite","Initiative: Building pipeline optimization tools","2026-02-15","2026-08-31","22","Active","Initiative","2026-04-10T10:00:00.000Z","2026-04-10T10:00:00.000Z"
"22670592-7371-4752-9028-33b41ff0c6b4","I780135","Microservice Architecture Review","Evaluation: Reviewing microservice architecture patterns","2026-03-15","2026-07-15","16","Active","Evaluation","2026-04-10T10:00:00.000Z","2026-04-10T10:00:00.000Z"
"96c23c30-e568-4938-bec7-fbdb0e9bef64","I780135","Service Decomposition Guide","Initiative: Writing service decomposition guidelines","2026-03-01","2026-09-30","20","Active","Initiative","2026-04-10T10:00:00.000Z","2026-04-10T10:00:00.000Z"
"2e370378-15ce-45a0-90d0-e1e26e289cdf","I780137","Code Maintainability Assessment","Evaluation: Assessing code maintainability metrics","2026-04-01","2026-07-31","18","Active","Evaluation","2026-04-10T10:00:00.000Z","2026-04-10T10:00:00.000Z"
"8bee3f5f-a871-459f-b3ce-e370aff06863","I780137","Clean Code Workshop Material","Initiative: Creating clean code workshop material","2026-02-01","2026-08-31","18","Active","Initiative","2026-04-10T10:00:00.000Z","2026-04-10T10:00:00.000Z"
"92696ae4-dd10-41c1-89d5-7ead6dc62a34","I780140","React Performance Audit","Evaluation: Auditing React application performance","2026-03-01","2026-06-30","18","Active","Evaluation","2026-04-10T10:00:00.000Z","2026-04-10T10:00:00.000Z"
"a66b5351-1efa-47fd-8cfe-0558f5c4e175","I780140","React Best Practices Guide","Initiative: Writing React best practices guide","2026-03-01","2026-09-30","20","Active","Initiative","2026-04-10T10:00:00.000Z","2026-04-10T10:00:00.000Z"
