"currentProjectId","employeeId","type","projectName","role","startDate","endDate","utilizationPercent","projectManager","assignmentStatus","assignedBy","isEvaluation","description","technology"
"36de2208-18fa-4c49-9ba0-bfe78f3fd436","I769086","Project","Mahindra","Developer","2026-01-30","2026-03-31","100","Puja K","Accepted","","false","","ABAP"
"2e846c9c-4aca-4012-8b05-34774178cf69","I763161","Project","Exxon Mobil","Developer","2025-05-01","2025-11-30","100","Shikha Chaturvedi","Accepted","","false","","SuccessFactors"
"b25363d7-6b15-42ee-ac75-846856df1de8","I763161","Project","Schneider - DSPC","Developer","2026-01-01","2026-11-30","100","Manish Kumar Sinha","Accepted","","false","","Data Science"
"e68ac54d-b7ad-48ee-9450-7b31bb5aec14","I755736","Project","Mahindra","Developer","2026-01-01","2026-08-11","100","LohitSurya","Accepted","","false","","Data Science"
"84c8c03a-c892-40a4-b236-5def6a5567f9","I749085","Project","Synapxe - IHiS","Developer","2025-09-01","2027-12-31","100","Kritesh Vasing","Accepted","","false","","SAPUI5"
"d00e6279-4b2d-49b6-a0aa-3e1a07c9cabb","I753890","Project","Modrena","Developer","2026-01-01","2026-04-30","100","Puja K","Accepted","","false","","Ariba"
"82c5fea2-4282-4964-b524-57700fe29e3e","I755719","Project","Exxon Mobil","Developer","2025-05-01","2025-11-30","100","Shikha Chaturvedi","Accepted","","false","","AI/ML"
"7fc49738-f537-499e-ab7a-2b409564b525","I755719","Project","Schneider - DSPC","Developer","2026-01-01","2026-11-30","100","Manish Kumar Sinha","Accepted","","false","","Fiori"
"516b0291-6aa8-4afb-94ce-3cb443222d6c","I763266","Project","Synapxe - IHiS","Developer","2022-07-01","2027-12-31","100","Kritesh Vasing","Accepted","","false","","SAPUI5"
"cde360c0-984f-478a-a3f8-8a6d2ed5618d","I770144","Project","Schneider - DSPC","Developer","2026-01-01","2026-11-30","100","Manish Kumar Sinha","Accepted","","false","","Fiori"
"5f8d2fb4-fdc6-486f-b1ff-eb002d3f2a26","I770144","Project","SkillSphere","Developer","2025-09-01","2026-04-30","75","Puja K","Accepted","","false","","SuccessFactors"
"25568449-367c-4695-9378-f8dfcb46aabf","I346659","Project","SET","Developer","2026-01-01","2026-04-23","100","Puja K","Accepted","","false","","ABAP"
"e516d841-1032-4b9a-ab5a-9331138e1f6e","I750145","Project","Exxonmobil","Developer","2026-01-01","2026-04-22","125","Puja K","Accepted","","false","","ABAP"
"ccb207b2-87a2-44eb-a4f0-4ae07337da12","I750145","Project","SkillSphere","Developer","2025-09-01","2026-04-30","50","Puja K","Accepted","","false","","Analytics Cloud"
"615d9f88-d398-4936-98c6-640b9d72e457","I770164","Project","SAP BTP Migration","Developer","2026-01-15","2026-09-30","100","V B Adhithya","Accepted","","false","","AI/ML"
"d40ab012-fe76-4e0a-a4d0-d63e31d7428d","I770165","Project","SuccessFactors Rollout","Developer","2025-11-01","2027-03-31","100","Puja K","Accepted","","false","","SuccessFactors"
"3cd1ef5d-5e52-4d4e-b05b-7799605ee6ec","I770167","Project","SAP Analytics Cloud","Developer","2026-02-01","2026-11-30","100","Arumugam Surendren","Accepted","","false","","SuccessFactors"
"2b20aabc-5de2-48ec-a8b8-d3cf918bf7af","I773926","Project","Cloud Integration Hub","Developer","2026-01-15","2026-09-30","100","Kumar Rakesh","Accepted","","false","","Fiori"
"7bcec331-72c1-4c49-aca9-ab090df26782","I774156","Project","Synapxe IHiS Phase 2","Developer","2025-11-01","2027-03-31","100","Garg Abhishek","Accepted","","false","","Integration"
"d3c4bd6e-4ebd-4f87-9b88-c1e80509126e","I780001","Project","Schneider DSPC","Developer","2025-10-01","2026-08-31","100","Ramanathan Srinivasan","Accepted","","false","","SuccessFactors"
"c28dcecb-89ec-4e49-977d-a787bc4a8ccc","I780002","Project","Exxon Mobil Upgrade","Developer","2026-02-01","2026-11-30","100","Kumar V Chendil","Accepted","","false","","SuccessFactors"
"3d5c968d-ce6a-4ec7-bce7-ab9d8ab5c5a9","I780003","Project","SAP S4HANA Implementation","Developer","2026-01-01","2026-12-31","100","Jain Pawan","Accepted","","false","","Ariba"
"1e4feec2-ca5a-41e2-8280-9dacfbd9dc5e","I780004","Project","SAP BTP Migration","Developer","2026-01-15","2026-09-30","100","V B Adhithya","Accepted","","false","","SuccessFactors"
"dacf2c1d-a73e-458e-b5a3-616d1fcc73cb","I780005","Project","SuccessFactors Rollout","Developer","2025-11-01","2027-03-31","100","Puja K","Accepted","","false","","AI/ML"
"1a24e94e-32cb-4720-825f-8614234124b2","I780006","Project","Ariba Procurement Upgrade","Developer","2025-10-01","2026-08-31","100","Fazal Ilahi","Accepted","","false","","SuccessFactors"
"8f23ba70-0065-4398-9298-44239d7f9b8d","I780007","Project","SAP Analytics Cloud","Developer","2026-02-01","2026-11-30","100","Arumugam Surendren","Accepted","","false","","HANA"
"a16545be-003a-4181-a397-72115e68429e","I780008","Project","Digital Transformation","Developer","2026-01-01","2026-12-31","100","Singh Agya Pal","Accepted","","false","","SAPUI5"
"a6816448-d2b9-48d5-8cb1-864698e7ef81","I780009","Project","Cloud Integration Hub","Developer","2026-01-15","2026-09-30","100","Kumar Rakesh","Accepted","","false","","ABAP"
"244d1fbe-4a2f-406d-adc8-737925852f70","I780010","Project","Synapxe IHiS Phase 2","Developer","2025-11-01","2027-03-31","100","Garg Abhishek","Accepted","","false","","BTP"
"623ad742-6851-425a-8624-0bef03706953","I780011","Project","Schneider DSPC","Developer","2025-10-01","2026-08-31","100","Ramanathan Srinivasan","Accepted","","false","","AI/ML"
"4c226305-a5c2-4714-a098-5fa065b2ac5c","I780012","Project","Exxon Mobil Upgrade","Developer","2026-02-01","2026-11-30","100","Kumar V Chendil","Accepted","","false","","Data Science"
"c32086fc-0c20-41e3-bc6b-9401c75b4f97","I780013","Project","SAP S4HANA Implementation","Developer","2026-01-01","2026-12-31","100","Jain Pawan","Accepted","","false","","Ariba"
"8fd7000a-538e-4584-9cd3-70b6b11bef3f","I780014","Project","SAP BTP Migration","Developer","2026-01-15","2026-09-30","100","V B Adhithya","Accepted","","false","","ABAP"
"909393ec-1f23-45da-9516-beac3d62cad3","I780015","Project","SuccessFactors Rollout","Developer","2025-11-01","2027-03-31","100","Puja K","Accepted","","false","","Fiori"
"711e10a2-33d1-4952-a312-271b1dcc1189","I780016","Project","Ariba Procurement Upgrade","Developer","2025-10-01","2026-08-31","100","Fazal Ilahi","Accepted","","false","","Analytics Cloud"
"10601cb2-3c31-4e0a-a965-db2aaec9c5b0","I780017","Project","SAP Analytics Cloud","Developer","2026-02-01","2026-11-30","100","Arumugam Surendren","Accepted","","false","","S/4HANA"
"7df5cfdd-5ba7-4440-844c-195284c5ee10","I780018","Project","Digital Transformation","Developer","2026-01-01","2026-12-31","100","Singh Agya Pal","Accepted","","false","","Ariba"
"e51cbeb7-c578-450a-bc4e-3c5f37cfe6e4","I780019","Project","Cloud Integration Hub","Developer","2026-01-15","2026-09-30","100","Kumar Rakesh","Accepted","","false","","Ariba"
"b45600a9-4ba1-443d-90f4-d2c97eb7c063","I780020","Project","Synapxe IHiS Phase 2","Developer","2025-11-01","2027-03-31","100","Garg Abhishek","Accepted","","false","","HANA"
"d2ca2d73-bb72-44ae-b8db-c13dcb247985","I780021","Project","Schneider DSPC","Developer","2025-10-01","2026-08-31","100","Ramanathan Srinivasan","Accepted","","false","","HANA"
"81f3a2a6-bfb1-4b48-bb94-f965a8d833d0","I780022","Project","Exxon Mobil Upgrade","Developer","2026-02-01","2026-11-30","100","Kumar V Chendil","Accepted","","false","","Integration"
"bd977d4d-d87a-4547-8471-dc4c2a077b61","I780023","Project","SAP S4HANA Implementation","Developer","2026-01-01","2026-12-31","100","Jain Pawan","Accepted","","false","","AI/ML"
"459c22e4-5cf3-4097-925a-76656c06b0c1","I780024","Project","SAP BTP Migration","Developer","2026-01-15","2026-09-30","100","V B Adhithya","Accepted","","false","","Analytics Cloud"
"5a7578e1-645a-4d1d-87ef-8794ab5a20bd","I780025","Project","SuccessFactors Rollout","Developer","2025-11-01","2027-03-31","100","Puja K","Accepted","","false","","Fiori"
"808b7a1b-d07d-4d29-a7fb-7998cc103dda","I780026","Project","Ariba Procurement Upgrade","Developer","2025-10-01","2026-08-31","100","Fazal Ilahi","Accepted","","false","","ABAP"
"1442b596-5b3b-4d46-bf36-3a078e7d4d09","I780027","Project","SAP Analytics Cloud","Developer","2026-02-01","2026-11-30","100","Arumugam Surendren","Accepted","","false","","Ariba"
"06b4b184-7129-492e-846e-a09c6bcf88fe","I780028","Project","Digital Transformation","Developer","2026-01-01","2026-12-31","100","Singh Agya Pal","Accepted","","false","","Fiori"
"903b3e94-9194-49f4-9f5f-58ba33edb7c6","I780029","Project","Cloud Integration Hub","Developer","2026-01-15","2026-09-30","100","Kumar Rakesh","Accepted","","false","","Fiori"
"3f62cb11-afff-463f-a2bb-edd03b9829df","I780030","Project","Synapxe IHiS Phase 2","Developer","2025-11-01","2027-03-31","100","Garg Abhishek","Accepted","","false","","SuccessFactors"
"dbada519-513c-428c-b28a-9e605c4c2832","I780031","Project","Schneider DSPC","Developer","2025-10-01","2026-08-31","100","Ramanathan Srinivasan","Accepted","","false","","Data Science"
"79b3c07e-95ed-4a14-be6b-d5ca617a6eec","I780032","Project","Exxon Mobil Upgrade","Developer","2026-02-01","2026-11-30","100","Kumar V Chendil","Accepted","","false","","ABAP"
"b7af0708-0d59-49ea-b5ac-43fc0eb341fa","I780033","Project","SAP S4HANA Implementation","Developer","2026-01-01","2026-12-31","100","Jain Pawan","Accepted","","false","","ABAP"
"ae8f17c4-fa09-4b77-8b50-ed544214e423","I780034","Project","SAP BTP Migration","Developer","2026-01-15","2026-09-30","100","V B Adhithya","Accepted","","false","","AI/ML"
"773c104c-c7d9-450d-b74a-9773ac3e9100","I780035","Project","SuccessFactors Rollout","Developer","2025-11-01","2027-03-31","100","Puja K","Accepted","","false","","Integration"
"e4120a94-03ca-4236-9ed2-178a8cf4b4b0","I780036","Project","Ariba Procurement Upgrade","Developer","2025-10-01","2026-08-31","100","Fazal Ilahi","Accepted","","false","","S/4HANA"
"0fc4a201-e5c9-4746-9c90-567179b51cef","I780037","Project","SAP Analytics Cloud","Developer","2026-02-01","2026-11-30","100","Arumugam Surendren","Accepted","","false","","Analytics Cloud"
"eeff8e21-c8e2-4364-83c0-b0dab97226a7","I780038","Project","Digital Transformation","Developer","2026-01-01","2026-12-31","100","Singh Agya Pal","Accepted","","false","","Analytics Cloud"
"518561e0-3905-44fa-98b5-be1834c612ee","I780039","Project","Cloud Integration Hub","Developer","2026-01-15","2026-09-30","100","Kumar Rakesh","Accepted","","false","","BTP"
"1d4bf3eb-8f98-450e-af55-6089c35ba315","I780040","Project","Synapxe IHiS Phase 2","Developer","2025-11-01","2027-03-31","100","Garg Abhishek","Accepted","","false","","SAPUI5"
"279f1a38-5039-48b7-aa56-59e1a9428d4d","I780041","Project","Schneider DSPC","Developer","2025-10-01","2026-08-31","100","Ramanathan Srinivasan","Accepted","","false","","AI/ML"
"797ec543-5568-451f-a8ca-d1a95cf6eee0","I780042","Project","Exxon Mobil Upgrade","Developer","2026-02-01","2026-11-30","100","Kumar V Chendil","Accepted","","false","","Integration"
"0424ad9c-5abe-4046-ba2e-6740e94685e6","I780043","Project","SAP S4HANA Implementation","Developer","2026-01-01","2026-12-31","100","Jain Pawan","Accepted","","false","","BTP"
"4816b31d-0f82-4685-bb0d-bdd758840207","I780044","Project","SAP BTP Migration","Developer","2026-01-15","2026-09-30","100","V B Adhithya","Accepted","","false","","ABAP"
"45c256f9-5fac-482f-83f7-c390bf7a0161","I780045","Project","SuccessFactors Rollout","Developer","2025-11-01","2027-03-31","100","Puja K","Accepted","","false","","SuccessFactors"
"bd0a4ad4-7c15-44e6-9fab-36dc77d6ca31","I780046","Project","Ariba Procurement Upgrade","Developer","2025-10-01","2026-08-31","100","Fazal Ilahi","Accepted","","false","","ABAP"
"51afda23-7645-4cf2-a101-439cb06b1133","I780047","Project","SAP Analytics Cloud","Developer","2026-02-01","2026-11-30","100","Arumugam Surendren","Accepted","","false","","Analytics Cloud"
"7a0fda20-5ac8-4345-a3a7-b88f6d5a19d7","I780048","Project","Digital Transformation","Developer","2026-01-01","2026-12-31","100","Singh Agya Pal","Accepted","","false","","HANA"
"d4af8708-a925-45dc-a09c-33c71dde5121","I780049","Project","Cloud Integration Hub","Developer","2026-01-15","2026-09-30","100","Kumar Rakesh","Accepted","","false","","S/4HANA"
"a843dc0a-51bd-4388-976d-781a14fb9115","I780050","Project","Synapxe IHiS Phase 2","Developer","2025-11-01","2027-03-31","100","Garg Abhishek","Accepted","","false","","BTP"
"df5cb699-85cc-4016-a3e7-a10cd5ce3811","I780051","Project","Schneider DSPC","Developer","2025-10-01","2026-08-31","100","Ramanathan Srinivasan","Accepted","","false","","Integration"
"89a9f72d-edf2-407d-804e-7154951b8058","I780052","Project","Exxon Mobil Upgrade","Developer","2026-02-01","2026-11-30","100","Kumar V Chendil","Accepted","","false","","HANA"
"8dad1293-691f-4ce3-997f-2ee5d002efc6","I780053","Project","SAP S4HANA Implementation","Developer","2026-01-01","2026-12-31","100","Jain Pawan","Accepted","","false","","BTP"
"6e33bb9f-0b5d-4b96-a390-6a4a76547271","I780054","Project","SAP BTP Migration","Developer","2026-01-15","2026-09-30","100","V B Adhithya","Accepted","","false","","Analytics Cloud"
"38e535c5-0f08-4874-9dd5-3a0d39501b0d","I780055","Project","SuccessFactors Rollout","Developer","2025-11-01","2027-03-31","100","Puja K","Accepted","","false","","Analytics Cloud"
"9080172d-772f-4a71-a768-b60866e4a728","I780056","Project","Ariba Procurement Upgrade","Developer","2025-10-01","2026-08-31","100","Fazal Ilahi","Accepted","","false","","Fiori"
"553b8d64-e753-490d-b08b-05fc542e997f","I780057","Project","SAP Analytics Cloud","Developer","2026-02-01","2026-11-30","100","Arumugam Surendren","Accepted","","false","","SuccessFactors"
"7a9f28bc-d0f5-461c-b427-7e30ccfc28a0","I780058","Project","Digital Transformation","Developer","2026-01-01","2026-12-31","100","Singh Agya Pal","Accepted","","false","","Integration"
"7b336596-fc86-4518-be1e-d6d18776eec3","I780059","Project","Cloud Integration Hub","Developer","2026-01-15","2026-09-30","100","Kumar Rakesh","Accepted","","false","","ABAP"
"4d7deb18-5d0d-4d99-a85b-5269be3aacf1","I780060","Project","Synapxe IHiS Phase 2","Developer","2025-11-01","2027-03-31","100","Garg Abhishek","Accepted","","false","","Fiori"
"7ed5c989-93a1-4983-bee0-f5d3d949f250","I780061","Project","Schneider DSPC","Developer","2025-10-01","2026-08-31","100","Ramanathan Srinivasan","Accepted","","false","","S/4HANA"
"f7310030-03e3-4397-8738-696e249153f5","I780062","Project","Exxon Mobil Upgrade","Developer","2026-02-01","2026-11-30","100","Kumar V Chendil","Accepted","","false","","SAPUI5"
"ded1e25a-5da6-4d89-8a54-2c11339a6bd2","I780063","Project","SAP S4HANA Implementation","Developer","2026-01-01","2026-12-31","100","Jain Pawan","Accepted","","false","","AI/ML"
"5b23e828-d2f3-4f23-a032-ecac89cf8850","I780064","Project","SAP BTP Migration","Developer","2026-01-15","2026-09-30","100","V B Adhithya","Accepted","","false","","Ariba"
"dcb01f88-3d5a-4716-a6b0-a14f8ea91642","I780065","Project","SuccessFactors Rollout","Developer","2025-11-01","2027-03-31","100","Puja K","Accepted","","false","","Data Science"
"d2e2065d-c9f7-4c5a-acda-1e188ae73126","I780066","Project","Ariba Procurement Upgrade","Developer","2025-10-01","2026-08-31","100","Fazal Ilahi","Accepted","","false","","Analytics Cloud"
"b561a892-e5ef-47cd-b93e-1d40d432d463","I780067","Project","SAP Analytics Cloud","Developer","2026-02-01","2026-11-30","100","Arumugam Surendren","Accepted","","false","","HANA"
"3c0ec8af-d95f-4678-9e49-cd7ad90904f8","I780068","Project","Digital Transformation","Developer","2026-01-01","2026-12-31","100","Singh Agya Pal","Accepted","","false","","BTP"
"42bfcfa9-fc26-4280-ba10-2de8d183fab9","I780069","Project","Cloud Integration Hub","Developer","2026-01-15","2026-09-30","100","Kumar Rakesh","Accepted","","false","","ABAP"
"78a3a8f2-9696-4777-b608-051ecfe0b140","I780070","Project","Synapxe IHiS Phase 2","Developer","2025-11-01","2027-03-31","100","Garg Abhishek","Accepted","","false","","AI/ML"
"775042ee-259f-45c4-9626-b322a081f502","I780071","Project","Schneider DSPC","Developer","2025-10-01","2026-08-31","100","Ramanathan Srinivasan","Accepted","","false","","SuccessFactors"
"807e7b5d-32b2-4005-a352-47cff7550b30","I780072","Project","Exxon Mobil Upgrade","Developer","2026-02-01","2026-11-30","100","Kumar V Chendil","Accepted","","false","","HANA"
"d4058d93-b2f0-4ab6-afb1-6207e7bae664","I780073","Project","SAP S4HANA Implementation","Developer","2026-01-01","2026-12-31","100","Jain Pawan","Accepted","","false","","SAPUI5"
"86059478-ef97-42a3-a5f3-cd2f0afa5de9","I780074","Project","SAP BTP Migration","Developer","2026-01-15","2026-09-30","100","V B Adhithya","Accepted","","false","","Ariba"
"559a9938-b8d2-48b7-a96d-d10432d50513","I780075","Project","SuccessFactors Rollout","Developer","2025-11-01","2027-03-31","100","Puja K","Accepted","","false","","S/4HANA"
"6c9c583d-5698-40ff-b8ce-2ae8b8544289","I780076","Project","Ariba Procurement Upgrade","Developer","2025-10-01","2026-08-31","100","Fazal Ilahi","Accepted","","false","","ABAP"
"e971b27a-9982-400e-b9ac-e55d1754924c","I780077","Project","SAP Analytics Cloud","Developer","2026-02-01","2026-11-30","100","Arumugam Surendren","Accepted","","false","","S/4HANA"
"d7f92df1-02c1-4f0a-95cc-f299d804c062","I780078","Project","Digital Transformation","Developer","2026-01-01","2026-12-31","100","Singh Agya Pal","Accepted","","false","","S/4HANA"
"584b117d-f682-4dd5-87dc-c5f991ade6eb","I780079","Project","Cloud Integration Hub","Developer","2026-01-15","2026-09-30","100","Kumar Rakesh","Accepted","","false","","Ariba"
"62adcbe1-1761-4c44-8a64-fe6c10c4e8e9","I780080","Project","Synapxe IHiS Phase 2","Developer","2025-11-01","2027-03-31","100","Garg Abhishek","Accepted","","false","","Analytics Cloud"
"c8a663e9-a038-498c-ae72-0edafde054fd","I780081","Project","Schneider DSPC","Developer","2025-10-01","2026-08-31","100","Ramanathan Srinivasan","Accepted","","false","","Analytics Cloud"
"d592166a-a9b5-455c-bab5-5678cbe051a8","I780082","Project","Exxon Mobil Upgrade","Developer","2026-02-01","2026-11-30","100","Kumar V Chendil","Accepted","","false","","S/4HANA"
"2e50bcf4-df4e-41fe-9368-d8c63d0bdaab","I780083","Project","SAP S4HANA Implementation","Developer","2026-01-01","2026-12-31","100","Jain Pawan","Accepted","","false","","SuccessFactors"
"203b2d00-0d35-4f71-929f-8ba0cc58ee61","I780084","Project","SAP BTP Migration","Developer","2026-01-15","2026-09-30","100","V B Adhithya","Accepted","","false","","SAPUI5"
"27397c40-3bd8-41a6-89ea-6d78de113ab6","I780085","Project","SuccessFactors Rollout","Developer","2025-11-01","2027-03-31","100","Puja K","Accepted","","false","","HANA"
"c2c0496d-897b-4422-bc01-ca045763a2f8","I780086","Project","Ariba Procurement Upgrade","Developer","2025-10-01","2026-08-31","100","Fazal Ilahi","Accepted","","false","","SuccessFactors"
"5edc8b5a-c149-44c7-b4c8-63f511aaa157","I780087","Project","SAP Analytics Cloud","Developer","2026-02-01","2026-11-30","100","Arumugam Surendren","Accepted","","false","","S/4HANA"
"9710903b-271e-4886-bbbc-9bd10c4c398b","I780088","Project","Digital Transformation","Developer","2026-01-01","2026-12-31","100","Singh Agya Pal","Accepted","","false","","Data Science"
"add89fcd-6caa-4cfe-8d23-ee091c32806e","I780089","Project","Cloud Integration Hub","Developer","2026-01-15","2026-09-30","100","Kumar Rakesh","Accepted","","false","","SAPUI5"
"5108190d-3a39-418b-bc63-b8ac85010bcb","I780090","Project","Synapxe IHiS Phase 2","Developer","2025-11-01","2027-03-31","100","Garg Abhishek","Accepted","","false","","Data Science"
"cea55717-eb54-4334-80da-ad49b05ba194","I780091","Project","Schneider DSPC","Developer","2025-10-01","2026-08-31","100","Ramanathan Srinivasan","Accepted","","false","","HANA"
"28e74d38-a645-4c78-9e0b-db5d40bd2919","I780092","Project","Exxon Mobil Upgrade","Developer","2026-02-01","2026-11-30","100","Kumar V Chendil","Accepted","","false","","Fiori"
"1f78d0b2-dd12-420b-b470-5ffbb97a7f59","I780093","Project","SAP S4HANA Implementation","Developer","2026-01-01","2026-12-31","100","Jain Pawan","Accepted","","false","","ABAP"
"9bc3606f-9906-47d8-8fd5-713da216c092","I780094","Project","SAP BTP Migration","Developer","2026-01-15","2026-09-30","100","V B Adhithya","Accepted","","false","","Ariba"
"7ac2b11c-2772-4125-8875-e137f6ada1ef","I780095","Project","SuccessFactors Rollout","Developer","2025-11-01","2027-03-31","100","Puja K","Accepted","","false","","SAPUI5"
"66e16c4c-4a26-4392-9d54-c44789cfde0b","I780096","Project","Ariba Procurement Upgrade","Developer","2025-10-01","2026-08-31","100","Fazal Ilahi","Accepted","","false","","SAPUI5"
"9eba037d-4714-4fd8-8836-b89d7438739c","I780097","Project","SAP Analytics Cloud","Developer","2026-02-01","2026-11-30","100","Arumugam Surendren","Accepted","","false","","BTP"
"7f73ad38-aeac-48fa-8f07-0bd0a1af7c62","I780098","Project","Digital Transformation","Developer","2026-01-01","2026-12-31","100","Singh Agya Pal","Accepted","","false","","BTP"
"17c17aa3-fc7b-403a-8246-b751c65856ae","I780099","Project","Cloud Integration Hub","Developer","2026-01-15","2026-09-30","100","Kumar Rakesh","Accepted","","false","","Data Science"
"a9a667dc-98a7-4222-b6e1-f5852fd8dd8f","I780100","Project","Synapxe IHiS Phase 2","Developer","2025-11-01","2027-03-31","100","Garg Abhishek","Accepted","","false","","SuccessFactors"
"2b00259e-3ae2-4155-acd0-b0a28d8f529e","I780101","Project","Schneider DSPC","Developer","2025-10-01","2026-08-31","100","Ramanathan Srinivasan","Accepted","","false","","Data Science"
"6a4bb0a0-0e68-4bbd-8a5b-52494d763ebf","I780102","Project","Exxon Mobil Upgrade","Developer","2026-02-01","2026-11-30","100","Kumar V Chendil","Accepted","","false","","Fiori"
"add4c7c1-71f2-4abc-a636-6752f7edb856","I780103","Project","SAP S4HANA Implementation","Developer","2026-01-01","2026-12-31","100","Jain Pawan","Accepted","","false","","SuccessFactors"
"7967db42-8254-44d4-8754-abd7846dc419","I780104","Project","SAP BTP Migration","Developer","2026-01-15","2026-09-30","100","V B Adhithya","Accepted","","false","","HANA"
"57a547f9-0b96-4cad-9a1c-3b47c7471028","I780105","Project","SuccessFactors Rollout","Developer","2025-11-01","2027-03-31","100","Puja K","Accepted","","false","","AI/ML"
"14e973b4-9672-46eb-916b-d9086977be3a","I780106","Project","Ariba Procurement Upgrade","Developer","2025-10-01","2026-08-31","100","Fazal Ilahi","Accepted","","false","","Fiori"
"505b03de-07bf-4934-a591-b6386449981a","I780107","Project","SAP Analytics Cloud","Developer","2026-02-01","2026-11-30","100","Arumugam Surendren","Accepted","","false","","Integration"
"712ac9d0-9aad-4dad-a8a6-67fb1e1306e9","I780108","Project","Digital Transformation","Developer","2026-01-01","2026-12-31","100","Singh Agya Pal","Accepted","","false","","BTP"
"556b97f1-7041-43c5-a584-a7cb674d1220","EMP001","Initiative","Cloud Migration","Contributor","2026-03-01","2026-06-30","50","Self-Managed","Self-Assigned","","false","Leading the migration of legacy systems to cloud infrastructure","Data Science"
"f86af708-c94d-4c56-b1c3-832f4a66af76","EMP001","Initiative","AI Integration","Contributor","2026-04-01","2026-12-31","38","Self-Managed","Self-Assigned","","false","Integrating AI capabilities into existing applications","Innovation"
"9b037807-d8bf-46d6-94de-d51dc3778c62","EMP002","Initiative","Data Analytics Platform","Contributor","2026-02-15","2026-08-15","62","Self-Managed","Self-Assigned","","false","Building a comprehensive data analytics platform","AI/ML"
"877d38c3-7f89-43d2-8167-7a3a0e51f4e1","EMP002","Initiative","Machine Learning Model","Contributor","2026-03-15","2026-09-30","50","Self-Managed","Self-Assigned","","false","Developing ML models for predictive analytics","AI/ML"
"2779263c-363c-42e3-938a-b68066ade6ab","EMP003","Initiative","Database Optimization","Contributor","2026-03-01","2026-05-31","44","Self-Managed","Self-Assigned","","false","Optimizing database performance for large-scale operations","Data Science"
"102edd11-406d-482d-898c-fec6317e4c6b","EMP003","Initiative","Security Audit","Contributor","2026-03-20","2026-06-20","25","Self-Managed","Self-Assigned","","false","Conducting comprehensive security audit of systems","BTP"
"86c11879-8a8f-4db1-b4e6-01697f7901e7","I770144","Initiative","SAP BTP Exploration","Contributor","2025-02-01","2025-05-31","38","Self-Managed","Self-Assigned","","false","Initiative: Explore SAP BTP capabilities","Data Science"
"708d642e-462c-4ce7-9ce1-fcb871afbf4b","I770144","Initiative","ABAP Modernization","Contributor","2025-06-01","2025-09-30","50","Self-Managed","Self-Assigned","","false","Initiative: Modernize ABAP code to cloud-ready","AI/ML"
"c6757ea4-df9d-496f-a507-a9867556dac3","I770144","Initiative","GenAI Pilot","Contributor","2026-04-01","2026-09-30","38","Self-Managed","Self-Assigned","","false","Initiative: Gen AI pilot for code generation","Innovation"
"011b4218-3f67-430a-8e45-c0c59d36aa8b","I769086","Initiative","ML Model Research","Contributor","2026-04-15","2026-10-15","38","Self-Managed","Self-Assigned","","false","Initiative: Research deep learning models","Data Science"
"31e59dad-6897-4be8-a622-0595857e47d8","I763161","Initiative","Cloud Native Upskill","Contributor","2026-05-01","2026-11-30","38","Self-Managed","Self-Assigned","","false","Initiative: Upskill on cloud-native patterns","Innovation"
"4a77e125-8450-4685-a7f7-3b4ac8bb7b12","I755736","Initiative","Frontend Modernization","Contributor","2025-06-01","2025-11-30","50","Self-Managed","Self-Assigned","","false","Initiative: Migrate UI to UI5 web components","BTP"
"b7f4c4aa-6664-4b77-82b7-1765fe2f736a","I749085","Initiative","Security Hardening","Contributor","2025-06-01","2025-09-30","38","Self-Managed","Self-Assigned","","false","Initiative: Implement security hardening","BTP"
"0a37f701-3219-4881-b255-8924a00f5144","I753890","Initiative","Data Governance","Contributor","2025-01-15","2025-06-30","38","Self-Managed","Self-Assigned","","false","Initiative: Data governance framework setup","BTP"
"cd14c0e6-ecda-40ba-9907-edef7855c9eb","I755719","Initiative","DevSecOps Pilot","Contributor","2025-04-01","2025-09-30","50","Self-Managed","Self-Assigned","","false","Initiative: DevSecOps adoption pilot","AI/ML"
"c0086eef-bd6d-4592-aff2-56b4638c111d","I763266","Initiative","API Documentation","Contributor","2025-07-01","2025-11-30","25","Self-Managed","Self-Assigned","","false","Initiative: Comprehensive API doc effort","BTP"
"5fe9f193-b5fb-43b2-9c6c-2fb772198b9e","I346659","Initiative","Platform Modernization","Contributor","2026-02-01","2026-08-31","50","Self-Managed","Self-Assigned","","false","Initiative: Platform modernization roadmap","Data Science"
"031a176c-9630-4604-a104-adf5232bbf5d","I770146","Project","Procurement Automation","Tech Lead","2026-01-01","2026-12-31","45","Anita Patel","Accepted","","false","","S/4HANA"
"51262e43-2fd8-4add-b6e4-a481b146f525","I770148","Project","Integration Suite Implementation","Developer","2026-01-01","2026-12-31","52","Priya Sharma","Accepted","","false","","BTP"
"37f0653c-6fb3-4916-971b-90b140583b7e","I770148","Project","BTP Cloud Foundry Migration","Developer","2026-01-01","2026-12-31","44","Self-Managed","Accepted","","false","","BTP"
"60e79388-d0e1-4e48-b5d6-759ae047e691","I770148","Initiative","CAP Service Development - Initiative","Contributor","2026-02-01","2026-06-30","23","Self-Managed","Accepted","","false","","BTP"
"017d8ec7-daa5-4578-8d90-b8df68c0f60f","I770148","Initiative","Document Management Service - Initiative","Contributor","2026-02-01","2026-06-30","21","Self-Managed","Accepted","","false","","BTP"
"d07aff6f-914b-461f-89ca-c9d1177644cc","I770150","Project","Event Mesh Integration","Solution Architect","2026-01-01","2026-12-31","51","Priya Sharma","Accepted","","false","","BTP"
"1a89f083-91d6-4bf5-be75-c9d3eb091ade","I770150","Initiative","HANA Cloud Database Migration - Initiative","Contributor","2026-02-01","2026-06-30","19","Self-Managed","Accepted","","false","","BTP"
"279d901e-3ee7-436a-85e9-d6c33feee19d","I770150","Initiative","Integration Suite Implementation - Initiative","Contributor","2026-02-01","2026-06-30","12","Self-Managed","Accepted","","false","","BTP"
"1b38e688-bedd-4133-a4c5-92ea863c5f4a","I770153","Project","S/4HANA Cloud Migration","Tech Lead","2026-01-01","2026-12-31","74","Self-Managed","Accepted","","false","","S/4HANA"
"9ab7a1e8-9a11-43f4-a8c6-d3738cf8cd8a","I770154","Project","Finance Module Upgrade","Solution Architect","2026-01-01","2026-12-31","69","Rahul Kumar","Accepted","","false","","S/4HANA"
"c41ed2e3-63f8-4c87-b613-b67db6e94b40","I770154","Project","Master Data Governance","Developer","2026-01-01","2026-12-31","43","Rahul Kumar","Accepted","","false","","S/4HANA"
"586cd80d-cc7c-4835-a00d-17284de356cb","I770154","Initiative","Finance Module Upgrade - Initiative","Contributor","2026-02-01","2026-06-30","12","Self-Managed","Accepted","","false","","S/4HANA"
"6a3d0401-bd1d-4e5e-adb1-0de0b7d33547","I770154","Initiative","SD (Sales & Distribution) Enhancement - Initiative","Contributor","2026-02-01","2026-06-30","12","Self-Managed","Accepted","","false","","S/4HANA"
"43ae07f0-2830-4a8f-a73f-1811911b4a5b","I770156","Project","Recommendation Engine","Tech Lead","2026-01-01","2026-12-31","49","Manish Kumar Sinha","Accepted","","false","","Data Science"
"a1870d6e-45f5-4e84-aae4-379baacf16cd","I770156","Project","Data Lake Implementation","Solution Architect","2026-01-01","2026-12-31","52","Manish Kumar Sinha","Accepted","","false","","Data Science"
"f603004a-6cfc-45ff-aeea-05885535b684","I770158","Project","MM (Material Management) Implementation","Developer","2026-01-01","2026-12-31","56","Priya Sharma","Accepted","","false","","S/4HANA"
"f7155abf-1ad9-4632-829f-b709f0218d89","I770158","Project","Procurement Automation","Tech Lead","2026-01-01","2026-12-31","66","Self-Managed","Accepted","","false","","S/4HANA"
"d824bcb1-b4c6-4901-ac0d-8e5529a7e4b6","I770159","Project","Master Data Governance","Tech Lead","2026-01-01","2026-12-31","65","Anita Patel","Accepted","","false","","S/4HANA"
"f592a547-e554-4531-9204-c4cc4b475397","I770160","Project","BTP Cloud Foundry Migration","Solution Architect","2026-01-01","2026-12-31","73","Self-Managed","Accepted","","false","","BTP"
"a767afe1-e7dd-4d9d-8ad1-c7cbcd02b902","I770160","Initiative","CAP Service Development - Initiative","Contributor","2026-02-01","2026-06-30","11","Self-Managed","Accepted","","false","","BTP"
"671928f0-3c88-4919-9346-053cb4a71ab5","I770161","Project","Event Mesh Integration","Developer","2026-01-01","2026-12-31","42","Anita Patel","Accepted","","false","","BTP"
"e87ccfba-d01e-49a2-a109-c5d375f61dd6","I770163","Project","Order-to-Cash Improvement","Solution Architect","2026-01-01","2026-12-31","43","Anita Patel","Accepted","","false","","S/4HANA"
"83c03376-9bcd-4a35-b0c1-1e8b9c265ebe","I770163","Project","FICO Reporting Portal","Tech Lead","2026-01-01","2026-12-31","53","Self-Managed","Accepted","","false","","S/4HANA"
"1c89b568-f6eb-403c-857c-fda04d93b450","I770163","Initiative","Finance Module Upgrade - Initiative","Contributor","2026-02-01","2026-06-30","26","Self-Managed","Accepted","","false","","S/4HANA"
"526d0174-909c-4008-a3ca-bd66ee3df122","I770163","Initiative","Master Data Governance - Initiative","Contributor","2026-02-01","2026-06-30","26","Self-Managed","Accepted","","false","","S/4HANA"
"276d4ba4-898f-443a-9134-6ad078dceb87","I770164","Project","Order-to-Cash Improvement","Tech Lead","2026-01-01","2026-12-31","51","Priya Sharma","Accepted","","false","","S/4HANA"
"828360db-a34c-4105-99ba-5d15507db36e","I770164","Initiative","Finance Module Upgrade - Initiative","Contributor","2026-02-01","2026-06-30","25","Self-Managed","Accepted","","false","","S/4HANA"
"77defbcb-cc21-46b8-bfea-755c04b2aa86","I770164","Initiative","MM (Material Management) Implementation - Initiative","Contributor","2026-02-01","2026-06-30","29","Self-Managed","Accepted","","false","","S/4HANA"
"a6ef7e98-b6bb-4a85-9802-7a5e8b128675","I770165","Project","HANA Cloud Database Migration","Solution Architect","2026-01-01","2026-12-31","49","Rahul Kumar","Accepted","","false","","BTP"
"37ed74b0-f9ce-41bf-a522-1ae0f0011a73","I770165","Initiative","Document Management Service - Initiative","Contributor","2026-02-01","2026-06-30","25","Self-Managed","Accepted","","false","","BTP"
"2ed19b74-5e94-487a-abed-3d4dbb882c27","I770166","Project","Demand Forecasting System","Developer","2026-01-01","2026-12-31","49","Anita Patel","Accepted","","false","","Data Science"
"77155fcb-24a4-4921-8863-d94ae57bbf1e","I770166","Project","Demand Forecasting System","Tech Lead","2026-01-01","2026-12-31","64","Priya Sharma","Accepted","","false","","Data Science"
"4205d67e-e27b-47f2-b28c-481ca0e93f23","I770166","Initiative","Data Quality Framework - Initiative","Contributor","2026-02-01","2026-06-30","24","Self-Managed","Accepted","","false","","Data Science"
"ae80db8e-8089-406b-a5cf-22f8b2dd0280","I770166","Initiative","Predictive Analytics Platform - Initiative","Contributor","2026-02-01","2026-06-30","23","Self-Managed","Accepted","","false","","Data Science"
"5e9a20a9-56ce-421b-8704-90e3599d2ef8","I770168","Project","Sentiment Analysis Tool","Tech Lead","2026-01-01","2026-12-31","67","Self-Managed","Accepted","","false","","Data Science"
"a30407ed-5b81-4641-b2e8-fb7530a19cf0","I770168","Project","Demand Forecasting System","Solution Architect","2026-01-01","2026-12-31","52","Rahul Kumar","Accepted","","false","","Data Science"
"2cdab576-0d4c-4d53-a15c-4e28bde40132","I770168","Initiative","Data Lake Implementation - Initiative","Contributor","2026-02-01","2026-06-30","19","Self-Managed","Accepted","","false","","Data Science"
"7d5d5c96-d2d3-4477-b888-cf5bab50743e","I774157","Project","Data Quality Framework","Tech Lead","2026-01-01","2026-12-31","50","Priya Sharma","Accepted","","false","","Data Science"
"a0bab873-f520-4b89-a485-d78189b0343b","I774157","Project","Customer Churn Analysis","Developer","2026-01-01","2026-12-31","54","Priya Sharma","Accepted","","false","","Data Science"
"403f5006-cd87-4019-8129-8d8450fa8b8e","I774157","Initiative","Recommendation Engine - Initiative","Contributor","2026-02-01","2026-06-30","22","Self-Managed","Accepted","","false","","Data Science"
"39019d89-f1a8-4866-a75e-a2e1c4b2a3fe","I774157","Initiative","Real-time Analytics Pipeline - Initiative","Contributor","2026-02-01","2026-06-30","26","Self-Managed","Accepted","","false","","Data Science"
"17526519-4b30-4934-a83a-d89ca6b22f41","I774158","Project","BTP Cloud Foundry Migration","Developer","2026-01-01","2026-12-31","54","Rahul Kumar","Accepted","","false","","BTP"
"03187b76-f854-4076-9f00-74f290b26f22","I774158","Project","Launchpad Service Configuration","Tech Lead","2026-01-01","2026-12-31","45","Anita Patel","Accepted","","false","","BTP"
"8b2c03e4-2c92-4bf5-ac58-e41d63bd0304","I774159","Project","SD (Sales & Distribution) Enhancement","Developer","2026-01-01","2026-12-31","73","Self-Managed","Accepted","","false","","S/4HANA"
"b8bf882b-4d42-414a-991d-a3477d51e22d","I774159","Project","MM (Material Management) Implementation","Developer","2026-01-01","2026-12-31","40","Priya Sharma","Accepted","","false","","S/4HANA"
"aebfa61b-18c5-48dc-a4f8-efb5e3f61e3c","I774159","Initiative","SAP S/4HANA Migration - Initiative","Contributor","2026-02-01","2026-06-30","25","Self-Managed","Accepted","","false","","S/4HANA"
"eba832b1-1f1b-4169-a8ce-c6c06172e20a","I774160","Project","PP (Production Planning) Optimization","Developer","2026-01-01","2026-12-31","51","Self-Managed","Accepted","","false","","S/4HANA"
"a2a7a2f3-4709-45bd-9a79-bfb24b18a4e4","I774160","Project","PP (Production Planning) Optimization","Developer","2026-01-01","2026-12-31","73","Manish Kumar Sinha","Accepted","","false","","S/4HANA"
"75b526b3-6822-4925-85c9-5de913c44fe0","I774160","Initiative","Finance Module Upgrade - Initiative","Contributor","2026-02-01","2026-06-30","22","Self-Managed","Accepted","","false","","S/4HANA"
"c8d13120-d9a4-498f-9397-89f31cc28961","I774160","Initiative","MM (Material Management) Implementation - Initiative","Contributor","2026-02-01","2026-06-30","29","Self-Managed","Accepted","","false","","S/4HANA"
"118599d9-6402-414d-bc8e-2e1b8db02eb9","I774161","Project","BTP Cloud Foundry Migration","Tech Lead","2026-01-01","2026-12-31","61","Self-Managed","Accepted","","false","","BTP"
"e907f954-b333-4c97-9a55-0d7d144afb2e","I774161","Project","Document Management Service","Tech Lead","2026-01-01","2026-12-31","71","Manish Kumar Sinha","Accepted","","false","","BTP"
"c9d6d194-5e7e-4365-b214-34daea674d38","I774161","Evaluation","Integration Suite Implementation - Evaluation","Evaluator","2026-01-15","2026-03-15","21","Self-Managed","Accepted","","true","","BTP"
"f6ce49f6-3f54-4d11-9422-e84c98fccf6b","I774161","Initiative","Workflow Automation - Initiative","Contributor","2026-02-01","2026-06-30","13","Self-Managed","Accepted","","false","","BTP"
"2d59750e-381c-4d03-be05-2fac0189d9f5","I774162","Project","Data Lake Implementation","Developer","2026-01-01","2026-12-31","50","Anita Patel","Accepted","","false","","Data Science"
"4f4b9963-456f-49cf-a84d-54c449f0313f","I774162","Project","Real-time Analytics Pipeline","Tech Lead","2026-01-01","2026-12-31","61","Self-Managed","Accepted","","false","","Data Science"
"2f50e00a-3562-4697-afd5-94412c44947d","I774162","Evaluation","Recommendation Engine - Evaluation","Evaluator","2026-01-15","2026-03-15","15","Self-Managed","Accepted","","true","","Data Science"
"e4596138-370f-42d9-8a6a-b2337c9c5632","I774163","Project","HANA Cloud Database Migration","Solution Architect","2026-01-01","2026-12-31","59","Anita Patel","Accepted","","false","","BTP"
"1462fa73-0b46-4b74-8ef0-de5fcf76a54f","I774163","Initiative","API Management Platform - Initiative","Contributor","2026-02-01","2026-06-30","16","Self-Managed","Accepted","","false","","BTP"
"9a52fc8b-4d22-4bed-91ff-0ed794c7c263","I774163","Initiative","API Management Platform - Initiative","Contributor","2026-02-01","2026-06-30","25","Self-Managed","Accepted","","false","","BTP"
"8f46ec36-5234-4b35-bb44-93d720d4832a","I774164","Project","Machine Learning Model Training","Tech Lead","2026-01-01","2026-12-31","70","Rahul Kumar","Accepted","","false","","Data Science"
"44db96e8-6a33-4386-8e10-384a836c00d4","I774164","Project","Demand Forecasting System","Developer","2026-01-01","2026-12-31","70","Manish Kumar Sinha","Accepted","","false","","Data Science"
"cf19f7da-cab6-47a2-a38e-8c4c0072a40e","I774164","Evaluation","Recommendation Engine - Evaluation","Evaluator","2026-01-15","2026-03-15","15","Self-Managed","Accepted","","true","","Data Science"
"cb8b7af5-2267-4a62-b135-51aff57877c9","I774164","Initiative","Data Quality Framework - Initiative","Contributor","2026-02-01","2026-06-30","27","Self-Managed","Accepted","","false","","Data Science"
"61f62245-8582-4b2c-ad0d-7a912c9999c0","I774164","Initiative","Sentiment Analysis Tool - Initiative","Contributor","2026-02-01","2026-06-30","10","Self-Managed","Accepted","","false","","Data Science"
"6b95adc9-fed2-4152-84b8-b6ddbcef52e1","I774165","Project","Real-time Analytics Pipeline","Tech Lead","2026-01-01","2026-12-31","73","Priya Sharma","Accepted","","false","","Data Science"
"d5f4daae-6724-4a9a-81e1-eb3bd2474574","I774166","Project","Business Intelligence Dashboard","Solution Architect","2026-01-01","2026-12-31","49","Rahul Kumar","Accepted","","false","","Data Science"
"87109d7f-7e38-46c4-841b-d2deb101ac93","I774166","Project","Recommendation Engine","Developer","2026-01-01","2026-12-31","46","Manish Kumar Sinha","Accepted","","false","","Data Science"
"e82efcc0-f7b6-424d-b2b3-3131ea2537b9","I774166","Initiative","Customer Churn Analysis - Initiative","Contributor","2026-02-01","2026-06-30","16","Self-Managed","Accepted","","false","","Data Science"
"530bc771-b380-4451-a692-3b84cf396975","I774166","Initiative","Recommendation Engine - Initiative","Contributor","2026-02-01","2026-06-30","15","Self-Managed","Accepted","","false","","Data Science"
"3f95f200-c4a1-4155-bc83-756ae9060b55","I774167","Project","Launchpad Service Configuration","Tech Lead","2026-01-01","2026-12-31","41","Anita Patel","Accepted","","false","","BTP"
"e4033a15-ec1b-4425-9f86-05d201d484d2","I774167","Initiative","Launchpad Service Configuration - Initiative","Contributor","2026-02-01","2026-06-30","23","Self-Managed","Accepted","","false","","BTP"
"60ed7acc-565e-46aa-b8dc-50daf39744e8","I774167","Initiative","Event Mesh Integration - Initiative","Contributor","2026-02-01","2026-06-30","21","Self-Managed","Accepted","","false","","BTP"
"edf1d458-dc64-4988-a46d-edff0d3694c2","I774168","Project","Document Management Service","Solution Architect","2026-01-01","2026-12-31","51","Manish Kumar Sinha","Accepted","","false","","BTP"
"1c5191da-161b-4774-af93-464729a6e463","I774168","Project","Extension Suite App","Solution Architect","2026-01-01","2026-12-31","41","Manish Kumar Sinha","Accepted","","false","","BTP"
"e62b91e6-88f0-4f2b-bbd9-789dae79354a","I774168","Initiative","Integration Suite Implementation - Initiative","Contributor","2026-02-01","2026-06-30","28","Self-Managed","Accepted","","false","","BTP"
"78a16d4c-af29-4f24-8dcb-22223f02cb63","I774168","Initiative","HANA Cloud Database Migration - Initiative","Contributor","2026-02-01","2026-06-30","23","Self-Managed","Accepted","","false","","BTP"
"05750ea6-6760-467b-a822-85ae9a185704","I774169","Project","Business Intelligence Dashboard","Developer","2026-01-01","2026-12-31","49","Anita Patel","Accepted","","false","","Data Science"
"f153e921-5bc7-4397-bd15-f0f6b09e92c1","I774169","Project","Sentiment Analysis Tool","Tech Lead","2026-01-01","2026-12-31","72","Rahul Kumar","Accepted","","false","","Data Science"
"9eb743d1-979e-4c62-b4df-170ea023fb93","I774169","Initiative","Real-time Analytics Pipeline - Initiative","Contributor","2026-02-01","2026-06-30","26","Self-Managed","Accepted","","false","","Data Science"
"325e1f56-ea66-4cb2-8e2b-d46f7ac1fc85","I774170","Project","SD (Sales & Distribution) Enhancement","Tech Lead","2026-01-01","2026-12-31","62","Rahul Kumar","Accepted","","false","","S/4HANA"
"d6bfbc82-30e4-4802-8195-677f5b1d5913","I774170","Project","S/4HANA Cloud Migration","Tech Lead","2026-01-01","2026-12-31","45","Self-Managed","Accepted","","false","","S/4HANA"
"5d1b944c-fedd-4652-a14a-09e94fc94bd6","I774171","Project","Master Data Governance","Developer","2026-01-01","2026-12-31","42","Anita Patel","Accepted","","false","","S/4HANA"
"d788d747-0e43-475b-9607-19207d736761","I774171","Project","Finance Module Upgrade","Tech Lead","2026-01-01","2026-12-31","58","Anita Patel","Accepted","","false","","S/4HANA"
"1a2255f1-efc8-4244-9f48-39ffecb44b6e","I774171","Initiative","Master Data Governance - Initiative","Contributor","2026-02-01","2026-06-30","23","Self-Managed","Accepted","","false","","S/4HANA"
"7020ce8b-324f-4cbd-98aa-920e2e1fa9ec","I774171","Initiative","Master Data Governance - Initiative","Contributor","2026-02-01","2026-06-30","22","Self-Managed","Accepted","","false","","S/4HANA"
"e805782f-1e67-48f0-a89a-db3976df9340","I774161","Evaluation","Integration Suite Governance - Evaluation","Evaluator","2026-04-01","2026-06-30","24","Self-Managed","Accepted","","true","Dummy evaluation data for dashboard visibility","BTP"
"e05ae937-0408-4562-930d-bfd69177de64","I774162","Evaluation","Advanced ML Review - Evaluation","Evaluator","2026-04-02","2026-07-15","18","Self-Managed","Accepted","","true","Dummy evaluation data for dashboard visibility","Data Science"
"e35cf302-8015-456f-b047-42d244ca783f","I774164","Evaluation","Forecasting Model QA - Evaluation","Evaluator","2026-04-05","2026-06-20","20","Self-Managed","Accepted","","true","Dummy evaluation data for dashboard visibility","Data Science"
"7bb8fe56-a586-4272-92b8-f455768ff432","I770156","Evaluation","ML Pipeline Performance Review","Evaluator","2026-03-01","2026-06-30","20","Self-Managed","Accepted","","true","","Data Science"
"bc832b9c-0fa1-4bfc-be0a-ca1aeb9fe7e7","I770156","Evaluation","Data Governance Audit","Evaluator","2026-04-01","2026-07-31","15","Self-Managed","Accepted","","true","","Data Science"
"c2cdb273-c0c7-42c5-a1cc-ed035df44955","I770158","Evaluation","S/4HANA Migration Readiness","Evaluator","2026-03-15","2026-06-15","18","Self-Managed","Accepted","","true","","S/4HANA"
"5bc3a3cf-a2f1-43c1-afa6-4543ebd52f4e","I770158","Evaluation","Procurement Module Assessment","Evaluator","2026-04-01","2026-07-31","15","Self-Managed","Accepted","","true","","S/4HANA"
"75386477-38b2-41d9-8349-69e701c19863","I770161","Evaluation","BTP Extension Suite Review","Evaluator","2026-03-01","2026-05-31","22","Self-Managed","Accepted","","true","","BTP"
"566697f2-ee45-4152-98f8-9ca0584294b6","I770165","Evaluation","AI Model Accuracy Assessment","Evaluator","2026-03-15","2026-06-30","18","Self-Managed","Accepted","","true","","BTP"
"c7fe5428-1081-4ede-afc1-240ac5b41166","I774159","Evaluation","SD Module Compliance Check","Evaluator","2026-04-01","2026-07-15","16","Self-Managed","Accepted","","true","","S/4HANA"
"969cf2dd-e52e-4d4a-9d91-9084420c7cae","I774162","Evaluation","Data Lake Architecture Review","Evaluator","2026-03-01","2026-06-30","15","Self-Managed","Accepted","","true","","Data Science"
"db30c002-71a4-4b67-8597-756b58cbeafb","I774165","Evaluation","Analytics Pipeline Benchmark","Evaluator","2026-04-01","2026-07-31","20","Self-Managed","Accepted","","true","","Data Science"
"fb3f725c-084a-4516-88f6-5763e32a6b5d","I774168","Evaluation","Integration Security Audit","Evaluator","2026-03-15","2026-06-15","18","Self-Managed","Accepted","","true","","BTP"
"90c7272b-bfbc-4072-b533-42dc09dc27d9","I774171","Evaluation","Finance Module Gap Analysis","Evaluator","2026-04-01","2026-06-30","20","Self-Managed","Accepted","","true","","S/4HANA"
"7d79927f-fa35-4071-811a-e5ae72fb6ba0","I770146","Evaluation","Procurement Workflow Review","Evaluator","2026-03-01","2026-05-31","18","Self-Managed","Accepted","","true","","S/4HANA"
"ad903b68-8f5e-4006-bd43-4319bdba086a","I770148","Evaluation","Cloud Foundry Health Check","Evaluator","2026-04-01","2026-06-30","15","Self-Managed","Accepted","","true","","BTP"
"ddeedaa1-c800-41c6-954f-22afa96a64a1","I770150","Evaluation","Event Mesh Performance Review","Evaluator","2026-03-15","2026-06-15","20","Self-Managed","Accepted","","true","","BTP"
"017dc62e-771a-44fb-8189-f6fb56612558","I770153","Evaluation","S/4HANA Cloud Stability Test","Evaluator","2026-04-01","2026-07-31","16","Self-Managed","Accepted","","true","","S/4HANA"
"cca0eaa1-a169-49d8-8337-981d5665c5a8","I770159","Evaluation","Master Data Quality Review","Evaluator","2026-03-01","2026-05-31","18","Self-Managed","Accepted","","true","","S/4HANA"
"1d0b45cc-07c0-437f-9a7a-baa19bdffeda","I770160","Evaluation","BTP Security Posture Review","Evaluator","2026-04-01","2026-06-30","15","Self-Managed","Accepted","","true","","BTP"
"88e73f4a-a6af-4df1-b5a3-55d4de870fc4","I770163","Evaluation","DevOps Pipeline Assessment","Evaluator","2026-03-15","2026-06-15","20","Self-Managed","Accepted","","true","","S/4HANA"
"8366ecdd-267f-4ad2-bbcc-d8a1c4dda8c4","I770164","Evaluation","Data Science Model Validation","Evaluator","2026-04-01","2026-07-31","15","Self-Managed","Accepted","","true","","S/4HANA"
"d252908d-5f0f-494a-8c4c-b280cbe9a630","I770166","Evaluation","Demand Model Accuracy Check","Evaluator","2026-03-01","2026-05-31","18","Self-Managed","Accepted","","true","","Data Science"
"1625ba5d-d60c-49a3-8b78-ae40cbd442e6","I770168","Evaluation","Sentiment Model Calibration","Evaluator","2026-04-01","2026-06-30","16","Self-Managed","Accepted","","true","","Data Science"
"87d13c21-1cd6-465d-b744-de25e6c85e79","I770156","Initiative","AI Ethics Framework","Contributor","2026-02-01","2026-08-31","25","Self-Managed","Accepted","","false","","Data Science"
"66720d0b-558c-42ea-af81-dd93c01d9040","I770158","Initiative","S/4HANA Best Practices Guide","Contributor","2026-03-01","2026-09-30","20","Self-Managed","Accepted","","false","","S/4HANA"
"2388b20b-7c0e-4aa1-a2a4-0bdeba1cd2c3","I770161","Initiative","BTP Developer Toolkit","Contributor","2026-02-15","2026-08-31","22","Self-Managed","Accepted","","false","","BTP"
"7d14a025-14e9-47f4-8f15-c26227d2e1c0","I770165","Initiative","ML Ops Automation","Contributor","2026-03-01","2026-09-30","25","Self-Managed","Accepted","","false","","BTP"
"18b52c99-a793-48c3-9320-2e18edbc8f23","I774159","Initiative","ERP Modernization Playbook","Contributor","2026-02-01","2026-08-31","20","Self-Managed","Accepted","","false","","S/4HANA"
"38598e79-1d46-4e3d-bcb2-b41e40d80cfd","I774165","Initiative","Real-time Dashboard POC","Contributor","2026-03-01","2026-07-31","22","Self-Managed","Accepted","","false","","Data Science"
"34aa113f-e08f-4d35-802b-2db17743c7b4","I774168","Initiative","API Gateway Standardization","Contributor","2026-02-15","2026-08-31","18","Self-Managed","Accepted","","false","","BTP"
"c0f201b2-4d19-44d5-9a8b-099888a9f798","I774171","Initiative","Finance Process Automation","Contributor","2026-03-01","2026-09-30","20","Self-Managed","Accepted","","false","","S/4HANA"
"353f0613-0dd1-4f93-a8c0-f0ced839f0df","I770146","Initiative","Procurement Analytics","Contributor","2026-02-01","2026-07-31","22","Self-Managed","Accepted","","false","","S/4HANA"
"92a7ea33-a19b-438c-a221-fe100132cf35","I770153","Initiative","Cloud Migration Handbook","Contributor","2026-03-01","2026-09-30","18","Self-Managed","Accepted","","false","","S/4HANA"
"e4944d08-836a-44c6-969a-0dad4af4b51e","I770154","Evaluation","ABAP Code Quality Review","Evaluator","2026-04-01","2026-07-31","18","Self-Managed","Accepted","","true","","S/4HANA"
"d5dc9ce0-19f5-4cd5-ba1f-f430a1654a4a","I774157","Evaluation","ML Model Drift Analysis","Evaluator","2026-03-15","2026-06-30","20","Self-Managed","Accepted","","true","","Data Science"
"8aa39e0d-48a4-4e32-a756-4e548ba35753","I774158","Evaluation","BTP Connectivity Assessment","Evaluator","2026-04-01","2026-07-15","16","Self-Managed","Accepted","","true","","BTP"
"8f24b32f-7033-49d4-8f63-300173c55edb","I774160","Evaluation","S/4HANA Data Migration Audit","Evaluator","2026-03-01","2026-06-30","18","Self-Managed","Accepted","","true","","S/4HANA"
"da738f00-9f0e-4782-adda-33ee44d6da6e","I774163","Evaluation","BTP Launchpad UX Review","Evaluator","2026-04-01","2026-07-31","15","Self-Managed","Accepted","","true","","BTP"
"cd2bb777-2537-4d3f-b926-07848b51e1de","I774166","Evaluation","Data Quality Assessment","Evaluator","2026-03-15","2026-06-15","20","Self-Managed","Accepted","","true","","Data Science"
"94a2de34-8dd7-468a-9c4f-453ff174d9c7","I774167","Evaluation","BTP Event Mesh Benchmark","Evaluator","2026-04-01","2026-06-30","18","Self-Managed","Accepted","","true","","BTP"
"9bfc22a8-87b5-4824-9166-8da620e84301","I774169","Evaluation","Predictive Model Validation","Evaluator","2026-03-01","2026-06-30","16","Self-Managed","Accepted","","true","","Data Science"
"9341944d-a80a-4945-8e30-7d3571f04cac","I774170","Evaluation","MM Module Regression Test","Evaluator","2026-04-01","2026-07-15","18","Self-Managed","Accepted","","true","","S/4HANA"
"c0c06ac7-8b76-4424-9137-d79147551f61","I770159","Initiative","S/4HANA UX Modernization","Contributor","2026-03-01","2026-09-30","20","Self-Managed","Accepted","","false","","S/4HANA"
"46a20141-82b2-4544-81e8-8641777bd2b7","I774158","Initiative","Integration Suite Accelerator","Contributor","2026-02-15","2026-08-31","22","Self-Managed","Accepted","","false","","BTP"
"002aa86b-4870-45d0-a0fe-2aa8199a7c71","I774170","Initiative","S/4HANA Test Automation","Contributor","2026-03-01","2026-09-30","18","Self-Managed","Accepted","","false","","S/4HANA"
"2178b611-91ac-4e00-8ca1-7c1f4d3699dd","I774162","Initiative","Data Mesh Architecture","Contributor","2026-02-01","2026-08-31","22","Self-Managed","Accepted","","false","","Data Science"
